country,chemical and petrochemical,construction,food and tobacco,iron and steel,machinery,mining and quarrying,non-ferrous metals,non-metallic minerals,paper pulp and print,textile and leather,transport equipment,wood and wood products,other
AF,0.0008574977025242,-0.0189979358719908,0.0004083730881975,0.0007170953276917,0.000552905466628,0.0008810879517419,0.0018661001832942,0.0002853406974094,0.0008810879517419,0.0008810879517418,0.0018661001832942,0.0011058109332561,-0.0190791382372655
AL,-0.0407786683391409,0.0123841531522525,-0.0025820523013963,0.0584868288513804,6.9772353600283665e-06,0.0640157090536968,0.0,0.0249032056628333,-0.0411104836163018,-0.0214072462871303,0.0,0.0026044394574533,0.0086555110865625
DZ,0.0628437755710502,0.0615323251299558,0.0432764492279307,0.0680187443262634,-0.0005623580772028,-0.0007208312678776,-0.0009253264894324,0.0699939997089192,-0.0007208312678776,0.0596968000379594,-0.0009253264894324,-0.0009005658187212,0.0442123764101645
AS,0.0038947701542559,0.0170937984987836,0.0093778601373169,0.0023839578376226,0.0062649455674333,0.0049108752350588,-8.372804322631655e-05,0.0038940306052089,0.0049108752350588,0.0049108752350588,-8.372804322631655e-05,-4.186402161315827e-05,0.0170937984987836
AD,-0.0015797428813397,0.0350573369793268,-0.0013051122515636,-0.0011356732451418,-0.0017547308022519,-0.0018397902179923,-7.682497283278966e-05,-0.0010002578516641,-0.0018397902179923,-0.0018397902179923,-7.682497283278966e-05,-0.0036336191872286,0.0550082088784976
AO,0.0002951220341116,-0.0138120861629606,0.0001490899800391,0.0001973261768051,-5.13947421145744e-05,0.0003439440694162,0.0002014005247987,0.07,0.0003439440694162,0.0003439440694162,0.0002014005247987,-0.000194899581458,-0.0137662390102268
AI,-5.9272890758876874e-05,-0.0012837390903241,2.733441092155527e-05,-7.771548960609082e-05,8.065432633305725e-05,-4.308495029418935e-05,-8.734704786506065e-05,-1.8670722047656183e-06,-4.308495029418935e-05,-4.308495029418935e-05,-8.734704786506065e-05,-4.367352393253032e-05,-0.0017243851969402
AG,0.0002801167175455,-0.029009952158415,-0.0004512818996366,0.0007671529491025,-0.0004267913304682,-0.0002520948095722,-7.826416239276046e-05,-0.0003598676739798,-0.0002520948095722,-0.0002520948095722,-7.826416239276046e-05,-3.913208119638023e-05,-0.0290049952158415
AR,-0.0070563997149029,0.0092065592832563,-0.0177600443697997,-0.0134057490215689,-0.0085803725937445,-0.0085889632088448,-0.07,-0.0136304335663924,-0.026119454102082,-0.026119454102082,-0.0653849086577353,-0.0524340604641575,0.0137887390591577
AM,-0.0698399955759145,-0.0073056065743124,-0.0275720880305709,-0.024820818457536,-0.0036852322277591,0.0281064946278038,-0.07,0.0159561585748161,-0.0050958536039465,0.07,-0.07,-0.0542766990054256,-0.004876203855837
AW,-0.0015732119960489,-0.002303391041527,-0.0012734097364735,-0.0009941110005493,-0.0018583211015271,-0.0019665149950611,-8.704946453053086e-05,-0.0009785233641989,-0.0019665149950611,-0.0019665149950611,-8.704946453053086e-05,-0.0038787664410888,-0.0020100755976408
AU,-0.012357798271435,-0.0156656150174796,-0.0069094186034032,-0.005410910584175,-0.0696645112199414,-0.0071901096193811,-0.0104009585623675,-0.020824271484349,-0.0216340185487218,-0.0141966505158106,0.0,-0.0009320907561727,-0.0091280229315625
AT,-0.003271557930466,-0.0093833614575805,0.0059192385421526,-0.0028174893198627,-0.0086733945675533,-0.0699451367839318,0.0223499109518119,0.0010252539640826,-0.0106011611405399,-0.0325150416712573,0.0196575668367526,-0.0251616564950109,-0.0058813572891161
AZ,0.0443733910494492,0.0234725757010872,-0.0540835474636463,-0.0285046737717012,0.0244081347507682,0.0360323822996943,0.07,0.0699803693451827,0.048560505661468,0.0669564379834061,-0.07,0.0587654320987654,0.0094199819926127
BS,0.0005371552159599,-0.0095027319668838,0.0003997577824386,0.000293165921042,-0.0003578024866446,0.0007049621124063,-8.54522076366715e-05,0.0002783277907897,0.0007049621124063,0.0007049621124063,-8.54522076366715e-05,-4.272610381833575e-05,-0.0095027319668837
BH,-0.0002081038525148,0.0261341075614937,-0.0001848199021624,0.0508890558897878,-0.0002429880408096,-0.0002887327123526,-0.0004092464281024,-0.0001567226979542,-0.0002887327123526,-0.0002887327123526,-0.0004092464281024,-0.0004783293260875,0.0163625325232903
BD,-0.0004612838494427,0.0347040508098621,-0.0001749638879215,-0.0002092271950898,0.0002174787159995,-0.0006655745163381,-0.0003607161276688,0.07,-0.0006655745163381,-0.0006655745163381,-0.0003607161276688,3.0690338802707995e-05,0.0348039981143704
BB,-0.0002714657183957,0.0260967111232176,-0.000254917445945,-0.0002184515249493,-0.0004871262813409,-0.0003015863182691,0.0002012220771545,-0.000213198200044,-0.0003015863182691,-0.0003015863182691,0.0002012220771545,-0.0008405579803215,0.0272146908072286
BY,0.00116240032553,-0.0346935769475515,-0.0070105338870593,-0.0069479566808761,-0.0280830158344186,-0.0308606697024916,0.07,-0.0593741307176353,0.0437871762911872,-0.0598548812036606,-0.029764347267068,0.0046931393157056,-0.0379655115909322
BE,-0.0101549998070998,-0.0155828577409447,0.005193619841813,-0.0105353659607611,-0.0310571415085073,-0.0140822501498711,-0.0051214239305619,-0.0058731166347787,0.003742980655291,-0.0642880660109021,-0.07,-0.0256041102803495,-0.0097764317813785
BZ,-0.0064387244709358,0.0418798883401962,-0.0049469649452998,-0.0041568212473893,-0.0064118987647332,-0.0079253966992024,-6.369638158104651e-05,-0.0037280707986339,-0.0079253966992023,-0.0079253966992024,-6.369638158104651e-05,-0.0140479623378743,0.0418798883401962
BJ,-0.07,0.0549076345760963,0.0591133514476481,-0.07,-0.07,-0.07,0.0097492855645304,0.0649118383984894,0.0024373213911326,-0.0461535213212638,0.0097492855645304,-0.07,0.057193157117227
BM,-0.0001480094830224,-0.0405784491681869,0.0033009491871136,-0.0003556266748869,0.000164802540591,6.693618108280508e-05,-8.936991716723686e-05,0.0043959910711606,6.693618108280508e-05,6.693618108280508e-05,-8.936991716723686e-05,-4.468495858361843e-05,-0.0405784491681869
BT,0.0023439645199146,0.0181236017912053,-9.40643030105844e-05,0.0045461835843694,3.5679205500710465e-05,-0.0001614148459935,-8.930540658336206e-05,-9.465194115784724e-05,-0.0001614148459935,-0.0001614148459935,-8.930540658336206e-05,-0.000322829691987,0.0186094276135163
BO,-6.99765352729087e-05,0.0075335382005233,0.0001556661227992,1.5081734728701612e-05,8.480486726636371e-05,-0.0001558795456377,0.0001335148650951,9.706297605985292e-05,-0.0001558795456377,-0.0001558795456377,0.0001335148650951,7.101990916125178e-05,0.0076317252933733
BQ,0.0008655313700691,0.020768943545256,-0.0002245656774784,0.0018734357178299,-0.0002763013702062,-0.0002641248051259,-0.0001209170820702,-0.0001908763050894,-0.0002641248051259,-0.0002641248051259,-0.0001209170820702,-0.0003106220523964,0.021257157838357
BA,0.0499795763014433,-0.0091018212671639,0.0589752083355969,-0.0265063812043014,0.0063339917302015,0.0199878648500982,0.0311412181302239,0.0198612639696959,0.0142168757721416,0.0301891111683797,-0.0383597787710766,0.0481281169196934,0.0022225777913647
BW,-0.0081202406544874,-0.0057356915206185,-0.0075601731425001,-0.0081215732009119,-0.000214717791536,-0.0502450617775827,0.0,-0.0081234121424511,-0.0027837323595776,-0.0082142190467674,0.0,-0.008122254286656,-0.0076464946249432
BR,0.0001469115024452,-0.0021438913679008,0.0698557439317856,0.0176181768864361,-0.0011971543270096,0.07,0.07,0.0698174245816025,0.07,0.0699386458919101,-0.0001010869369317,-0.0009617566332133,-0.00496931414566
VG,0.0006433435846747,-0.07,-3.6052347304564112e-06,0.0011574216400743,3.973509331126057e-05,4.005998261169541e-05,-8.070656337721971e-05,-2.2400085727694585e-05,4.005998261169541e-05,4.005998261169541e-05,-8.070656337721971e-05,-4.0353281688609854e-05,-0.07
BN,0.07,0.0621633174425169,0.0032932166046412,-0.0002713940213205,0.0049860357992602,-2.483531859567845e-05,0.0,0.002452439748948,-2.483531859567845e-05,-2.483531859567845e-05,0.0,0.0002726857277267,-0.0280021488024417
BG,-0.0382635846202175,-0.0017292931578405,0.0051512786275928,0.0094778072265517,0.0086724816101133,0.042302152232264,0.069177068860067,0.021372906197351,-0.0293320795439222,-0.0269734523646948,-0.0021459673366325,0.0221494249460543,0.0091705224569705
BF,-4.4979641864451025e-05,0.0565993501806294,0.0425093622452557,-8.777124432489403e-05,-0.0001941501461649,0.07,-8.303717470814487e-05,-0.07,-5.4606045708505135e-06,-5.4606045708505135e-06,-8.303717470814487e-05,8.722397582155983e-05,0.0574743197197586
BI,-0.0017251747844457,0.0131996527346985,0.0019548405536853,-0.0030382801867793,0.0025445134554032,-0.0002046216743699,-8.380641495170371e-05,0.001446153570766,-0.0002046216743699,-0.0002046216743699,-8.380641495170371e-05,-0.0004287337142069,0.0137743534385897
CV,-0.000803468926072,0.0456159580403341,-0.0006561070201813,-0.0005109828050972,-0.0001002608970884,-0.0010043361575901,-9.16339703010416e-05,-0.0005128461083501,-0.0010043361575901,-0.0010043361575901,-9.16339703010416e-05,4.8443414311927224e-06,0.0455100241907742
KH,-0.0006844734008641,0.0551441017384301,-0.0008981636037028,-0.0004441226512407,-0.0012568670048497,-0.0008494989532389,-7.505800746815394e-05,-0.0006932937763227,-0.0008494989532389,-0.0008494989532389,-7.505800746815394e-05,-0.001045193317868,0.0551441017384301
CM,0.0143595258135615,0.0316294100174426,0.0184002382308741,0.0202220503912549,-0.0001254755295076,0.07,-7.933771424134539e-05,0.0232256217618329,0.0004494072669519,0.0301228016859409,-7.933771424134539e-05,-3.9668857120672696e-05,0.0319560015304665
CA,-0.0215718789344685,0.0083567773468385,0.0624086889212004,-0.0046031610630294,-0.0399454586205432,0.033770894555992,0.0450120074623328,0.0284419984865508,0.0142672701173952,-0.0591104290559778,0.0323389244732983,0.0383419519875774,0.019928224534808
KY,-8.72816333366222e-05,0.0010176087159574,-0.0001741631129614,-0.0001446219274151,-0.0002243417181863,-2.993824795148592e-05,-6.69348557820193e-05,-0.0001494722730088,-2.993824795148592e-05,-2.993824795148592e-05,-6.69348557820193e-05,-3.346742789100965e-05,0.0010176087159574
CF,-0.0004553370909879,0.0473407620857591,-0.0007232423921926,-0.0003540099749708,-0.000708384021419,-0.0005112226287891,-7.843538714230602e-05,-0.0005666556239489,-0.0005112226287891,-0.0005112226287891,-7.843538714230602e-05,-3.921769357115301e-05,0.0473407620857591
TD,-0.0046564431758934,0.0182021885707817,-0.0001313403598424,-0.0084772638487152,6.701215294920015e-05,-0.0002632934292289,-8.366336809711994e-05,-0.0001204991544522,-0.0002632934292289,-0.0002632934292289,-8.366336809711994e-05,-4.183168404855997e-05,0.0182021885707817
CL,-0.0097009751262667,0.0230578783897155,-0.048804067297203,-0.0186431382975919,0.0,0.0222944075244706,0.0,0.0096068148165219,0.0232183475491926,0.0002441998897197,0.0,0.0,0.0243436872443043
CN,0.059650442316489,0.0548068487297322,-0.0599350551810136,0.0441081706846565,-0.07,-0.0105361021076857,0.0009263695933542,-0.002486071849591,-0.0520782463629046,-0.07,0.0009263695933542,0.0004631847966771,0.0559415998491319
HK,0.0049379356057335,0.0109584737148665,0.0042366008182725,0.0030777364216239,0.0023919355698778,0.0061724195071669,-9.971822735366231e-05,0.003155393089795,0.0061724195071669,0.0061724195071669,-9.971822735366231e-05,0.0047378314760565,0.0025409834059213
MO,-0.0006532113108206,0.0021383437734391,-0.0008366014722781,0.0001586358703533,-0.0007593736270949,-0.0013949684894199,-0.003178499847172,-0.0006461530135929,-0.0013949684894199,-0.0013949684894199,-0.003178499847172,-0.001691199316136,0.0079404807820929
CO,-0.0699076820689949,-0.0089011374058587,0.0074457726021453,-0.0162212382312916,-0.0699999999999999,-0.0110277196248488,0.07,0.0278348892492931,-0.0042344605650959,-0.0639405341959857,-0.07,-0.0328921847213999,0.0031072834552003
KM,-0.000560274688537,0.0291893391203926,-0.0004602184336635,-0.0003916906674906,-2.106950163070775e-05,-0.000668101214874,-6.693846024125039e-05,-0.0003677211161747,-0.000668101214874,-0.000668101214874,-6.693846024125039e-05,-4.213900326141551e-05,0.0291893391203926
CG,-0.0011325485253023,-0.0459552646325878,-0.0496969850785468,-0.0011162789430788,-0.0005737291288923,-0.0010170832074487,-8.172424419261581e-05,-0.0005652461334561,-0.0010170832074487,-0.0010170832074487,-8.172424419261581e-05,0.0235059661569068,-0.0459552646325878
CK,0.0003369368259047,0.0001424192762565,-9.619276513355332e-05,0.0007236503322175,-0.0001601387134458,-0.0001022227778293,-9.702480823337024e-05,-9.464950055737552e-05,-0.0001022227778293,-0.0001022227778293,-9.702480823337024e-05,-0.0002751018764294,0.0002607620184487
CR,-0.0688128796210329,0.0025490080973015,-0.0565141575847885,-0.010600039186062,-0.0132637959562249,-0.07,-0.0348114543909256,-0.0087019691795966,-0.047726337838898,-0.0585975035398962,-0.0348114543909256,-0.07,0.0071771503122694
HR,-0.0638942262903993,0.0074909169302273,-0.0010230229233103,0.0326780098231782,0.0287619053596648,-0.0231540568663942,0.07,0.0248493878047336,0.0416480947633883,-0.0172441274573721,-0.0104063008548796,0.0317742788146288,0.0247192357347038
CU,-0.0007181946623118,-0.0601591072932501,-0.0632342597159065,0.0261814616734668,-0.0004532396387577,-0.0465531804755385,-0.0009182740442656,-0.0005075728677106,-0.0008977433278898,-0.0008977433278898,-0.0009182740442656,-0.0005711353567106,-0.0608870364246768
CW,-0.0002729467360108,-0.0063708947192057,-0.0003498859063294,-0.0003877487724085,-0.0005785861668814,-0.0001787643507575,-0.0005796296629449,-0.0003419599345191,-0.0001787643507575,-0.0001787643507575,-0.0005796296629449,-0.0008591571770555,-0.0056661341823134
CY,0.029225056396351,0.0081071589727612,0.0143432052250182,0.0378742038478269,0.0030146761559247,0.0126326411944387,-0.0348083494368416,-0.0077606668955111,-0.0232855394886198,-0.0263236135576383,-0.0348083494368416,0.0216308878594302,0.0047075063059239
CZ,0.0216691974927178,-0.0007976847045145,-0.0068527445839241,-0.0238677250514639,0.0002355394555051,-0.0263582384376374,0.024190555375197,0.0009526807720148,0.0149608310589396,0.0578791141209041,0.0169300053366285,-0.0276503993383489,0.0013562238855818
CI,0.0677586191613384,0.0258482175698972,-0.0329177433819214,0.0584646107178714,0.0001751980831527,0.0085346091174323,0.0007007923326108,-0.07,0.0001751980831527,0.0310151314439851,0.0007007923326108,-0.07,0.0239515270043152
CD,-0.07,0.0302991984305849,-0.07,-0.07,6.274531213143475e-05,0.07,-7.05280782758444e-05,-0.07,-0.0005555104554127,-0.07,-7.05280782758444e-05,0.0001006374239137,0.0298666426523164
DK,-0.0203992795924102,-0.0160978354523418,-0.0108527248594496,-0.0039285745502863,-0.0346319313834086,0.0197077722792765,0.0,0.012441839618197,-0.0647895629144475,5.94762869879872e-05,-0.07,-0.0204364296708743,-0.0094706820742106
DJ,-0.0001982739629759,0.07,-0.000252610620701,-5.9790777163767905e-05,-0.0001926602890953,-0.000322238226795,-9.946734446147908e-05,-0.0002107132986597,-0.000322238226795,-0.000322238226795,-9.946734446147908e-05,-0.0003064352292251,0.07
DM,-6.130976845819536e-06,0.022803085225875,5.555467172198754e-06,-1.9673211388800127e-05,3.5612396997550255e-05,-1.166936677704511e-06,-6.965881252390949e-05,-1.9035804262532152e-05,-1.166936677704511e-06,-1.166936677704511e-06,-6.965881252390949e-05,-4.037316291902182e-05,0.0228132869127974
DO,0.0122956293482534,0.0127441774829027,0.0142225085955584,0.0002460030941884,0.000157267556022,-0.0074634018179009,-0.0001408640586062,0.0410844285440149,0.0213515469783327,-0.0615210560407746,-0.0001408640586062,2.750589268840642e-05,0.0129450028397847
EC,2.2186207531627033e-05,0.0247735827832846,0.0026323801866305,0.0016328940367578,-8.433221695153259e-05,2.7732759414533792e-05,0.0,0.0060702664657086,2.7732759414533792e-05,2.7732759414533792e-05,0.0,5.5465518829067584e-05,0.0246877359291601
EG,8.27900199257603e-05,-0.0078287474307734,0.0004047894395294,0.0548097915787627,0.0003711524057033,-1.4279893076327156e-05,0.0009074424765619,0.0629474006160534,-1.4279893076327156e-05,-1.4279893076327156e-05,0.0009074424765619,0.0004537212382809,-0.0209359992323075
SV,-0.0063709508112309,-0.0242477479807306,-0.0055579684407544,-0.07,-0.0087221216020807,-0.0080858189924089,0.0001897921894056,-0.0041757498732978,-0.0080858189924089,-0.0080858189924089,0.0001897921894056,-0.0165818917295171,0.0033290777424445
GQ,-0.0003839755355184,-0.0106313895416254,-0.0002035673240813,-0.0003212453247588,-0.0002578621826803,-0.0004065484759862,-0.000666448768807,-0.0001718195396491,-0.0004065484759862,-0.0004065484759862,-0.000666448768807,-0.0007689299040149,-0.0106313895416254
ER,-9.182967044715216e-05,-0.0065376305029968,-0.0001075734796951,-9.477104986561902e-06,-6.526438916085175e-05,-0.0001756047841893,-8.136929126478787e-05,-0.0001038527083778,-0.0001756047841893,-0.0001756047841893,-8.136929126478787e-05,-0.0002455990495536,-0.0061782095177075
EE,-0.0677836110720327,-0.030959208267756,-0.0335031027754358,0.07,-0.0238926502148296,-0.0651879992561974,-0.07,-0.056334134856005,-0.0267839565589824,-0.025529618285555,-0.0182632565117106,0.0028029228798554,-0.0271467237826011
SZ,-0.000238949819409,0.0262819955968208,-0.0067649579136081,-6.267177294290438e-05,-0.000539132972588,0.0304212750635893,-8.939184207829021e-05,-0.0005997155668899,-0.0699002768250575,-0.07,-8.939184207829021e-05,0.07,0.0265556038352995
ET,-0.0070597998897114,0.0444521878885264,-0.0058116159127237,-0.008399113441934,-0.0088721861232582,-0.0088061998533064,-0.0348130012375872,0.0699999999999999,-0.0088061998533064,-0.0088061998533064,-0.0348130012375872,-0.017561817418002,0.0446071762776315
FO,-0.000139111839056,0.0450621921279353,-0.0001356088739427,-0.0001086650656227,-0.0001547735648462,-0.0001636875418319,-7.758432236243396e-05,-0.00012336358955,-0.0001636875418319,-0.0001636875418319,-7.758432236243396e-05,-0.0001460620729091,0.0452427497963966
FK,-5.871156660078869e-05,0.0018231584235504,-3.5609893507371204e-05,-8.651691634202485e-05,-1.901932281193897e-05,-3.262936914573411e-05,-7.607729124775586e-05,-4.591122556606153e-05,-3.262936914573411e-05,-3.262936914573411e-05,-7.607729124775586e-05,-3.803864562387793e-05,0.0018231584235504
FJ,-0.0061288245787613,-0.0118160282364247,-0.009877380741262,-0.0075781512356114,-0.0084951485958264,-0.0078818210269609,-0.0348139475286573,-0.0145241164606888,-0.0078818210269609,-0.0078818210269609,-0.0348139475286573,-0.0172864703579255,-0.0118761893480499
FI,0.0304660290421263,-0.0075886510630189,0.009381973446577,0.0524430153924255,0.0068919080698946,0.0171500093323561,-0.0171590727726775,-0.0006037423159706,-0.0260964266252229,-0.0527850994106938,0.07,0.0180640629923196,-0.0181817289817379
FR,-0.045727919315325,-0.0127853454051048,-0.0069955390462642,0.0071919838757696,-0.0394655793723877,-0.0150597362548941,-0.0251911305639852,0.0020621012566833,-0.022923290432009,-0.0350405650997658,-0.0269435526928598,-0.0152020630605078,-0.0103875324804459
GF,0.0041369711641781,0.0096867118170349,0.0031367070581342,0.0036431005914998,0.0004088280330943,0.0041046442036926,-6.972543618177784e-05,0.0023327832477624,0.0041046442036926,0.0041046442036926,-6.972543618177784e-05,0.0008944118773654,0.0119786826292876
PF,-0.0028533436588807,-0.0014994900188527,-0.002444679795147,-0.0018039351387095,-0.0008174766341077,-0.0035551025788448,-8.592552553404742e-05,-0.0018539262085636,-0.0035551025788448,-0.0035551025788448,-8.592552553404742e-05,9.23930323104838e-05,-0.0010334617696968
GA,0.0258386596355548,0.0297195956548265,0.0320816108748348,-0.0005317176065964,-4.24433615677372e-05,0.0369764030900554,-0.000147692154267,-0.0006797770990899,-0.00112695113016,0.0258386596355548,-0.000147692154267,0.032348726584393,0.0293977069224054
GM,-8.391512491898734e-05,0.0561913437364309,-0.0001196612773007,-6.369546202120158e-05,-7.20021066212273e-05,-0.0001048939061487,-7.082485196624466e-05,-0.0001073325122535,-0.0001048939061487,-0.0001048939061487,-7.082485196624466e-05,-3.541242598312233e-05,0.0561913437364307
GE,-0.0691796911099111,-0.0136208671971793,0.0673931029376542,-0.0001156229097381,-0.07,-0.000432545141918,0.0001906247456557,0.0258460295356361,-0.0699999999999999,-0.07,-0.07,-0.07,0.0600442826510311
DE,-0.0371277109038138,-0.0314733912692157,-0.033588436264814,-0.032533555226818,-0.0424091943284347,-0.0467437938219579,-0.0315703296466827,-0.0345978106390292,-0.0458300792149824,-0.056951490115311,-0.0525532012970638,-0.0260405327870502,-0.0342481271691229
GH,0.07,-0.0058174251643608,0.07,0.07,-0.0019899651902201,-0.0404075359135123,-0.0068692626960114,0.0006829085326634,0.07,0.0666486479772296,-0.0068692626960114,0.07,-0.0077634342954843
GI,0.0005842315931082,0.0005471217190412,8.524095791665835e-05,0.0009153651773177,0.0001680351716542,0.0001689769748158,-9.12524188159125e-05,4.229334910310634e-05,0.0001689769748158,0.0001689769748158,-9.12524188159125e-05,-4.56262094079285e-05,0.0007005815315768
GR,0.0589012714342741,0.0077678761654614,0.004516184978993,0.0037223897987382,0.07,0.0354978689503738,-0.0317729632186735,0.0157300131859108,-0.0121517596237299,0.0014744931856112,-0.07,-0.0177986785425977,-0.0097099070635495
GL,0.0006928058539176,0.0136977840379044,0.024497737216428,0.0177824017660205,0.0005181433353582,-0.0603202609855793,-8.534297845858019e-05,0.000407731216368,-0.07,0.0272815482734705,-8.534297845858019e-05,0.0004964491761068,0.0135766450735707
GD,-0.0001358665714937,0.0249022087808808,-0.0001788009768452,-9.572032839665762e-05,-0.0002253890683165,-0.0001698332143671,-8.81801040882868e-05,-0.0001528535782287,-0.0001698332143671,-0.0001698332143671,-8.81801040882868e-05,-4.40900520441434e-05,0.0249022087808808
GP,-0.0003759994882036,0.0069592487809409,0.0001585010722737,-0.0007099940778048,0.000369898942401,-6.395318525129201e-06,-8.943816199902255e-05,0.0001016410958949,-6.395318525129201e-06,-6.395318525129201e-06,-8.943816199902255e-05,0.0003838972967525,0.0094530307828259
GU,-0.0085031789404717,-0.0045166098795088,-0.00513213691362,-0.008300772871735,-0.0076542715169605,-0.0076543729128604,-8.252764938077028e-05,-0.0038696085141287,-0.0076543729128604,-0.0076543729128604,-8.252764938077028e-05,-0.0152283893417097,-0.0017664544896785
GT,-0.0009801707863725,0.0417848816562649,-0.0053993715832094,-0.0007841389113149,-0.0002117906162645,-0.0011082143952535,-0.0005862789080696,-0.0075869176338759,-0.0011082143952535,-0.0011082143952535,-0.0005862789080696,-0.0005550613699768,0.0422243267967763
GG,-0.000506581036638,-0.0003055800467509,-0.000391337416747,-0.0004173642935937,-0.000546368878906,-0.0005428322159371,-8.566627249539938e-05,-0.0003140424692106,-0.0005428322159371,-0.0005428322159371,-8.566627249539938e-05,-0.0010012833055293,-0.0001167810828056
GN,0.0023086061101454,0.063046115364265,1.1741876248703525e-05,0.0042623428863161,0.0001973650248337,5.6931415589989154e-05,-8.832144482345816e-05,-1.3359156646568228e-05,5.6931415589989154e-05,5.6931415589989154e-05,-8.832144482345816e-05,0.0002600257903725,0.063046115364265
GW,-0.0007760847014886,0.07,0.0002456509003909,-0.000440106298218,0.0021818306654769,-0.0010261864225144,-6.522871636427396e-05,0.0001652077998066,-0.0010261864225144,-0.0010261864225144,-6.522871636432948e-05,0.0004213408297537,0.07
GY,0.0027299657565063,-0.0136343047181105,0.0068228134398461,0.0037136586470654,0.0029115742318043,0.0030242765712608,0.0097458021953704,0.0092130401372778,0.0030242765712608,0.0030242765712608,0.0097458021953704,0.0046494792827601,-0.0134032372547268
HT,-0.0082099894539024,0.0071215613420195,-0.0116108539506853,-0.006603806750975,-0.010262486817378,-0.010262486817378,-0.0116111894744588,-0.0139730220841767,-0.010262486817378,-0.010262486817378,-0.0116111894744588,-0.0208763668362212,0.0142990672171342
HN,-0.0004426266488699,0.0180375193425908,-0.0001657280585355,-0.0048397574545581,-0.0004668925809388,-0.07,-6.50444056158328e-05,-0.0001419971049263,-0.0004195640729118,-0.0004195640729118,-6.50444056158328e-05,-3.2195987265226655e-05,0.0183357426998148
HU,-0.0100712786747623,0.0034788277443055,0.0168291939532782,-0.0346035754626367,0.0195272297364975,-0.0357278181105805,-0.0064562091900813,0.0126220357242307,-0.0241913089365798,-0.0108912634012282,0.0002941312956654,0.0430329162072524,0.0085527901602668
IS,0.069883998483057,0.0133925476595741,0.0153967896619118,0.0026294606828278,0.0146207295855084,0.07,0.0097468774492148,0.0698632169492649,-0.0598522334844167,-0.0552815058190045,0.0097468774492148,0.0099573943804854,0.0027091070211384
IN,-0.0168015946716704,0.0449689679907043,0.07,0.0339589544866522,0.0682648004111606,0.0529868305218159,5.555240467380873e-05,-0.0264376840333916,-0.0174671209755829,-0.07,-0.07,-0.0349722237976631,0.0563878850605457
ID,0.063004264584687,0.0587554044595504,-0.0228669180579551,0.0443927469164487,-0.0170386469052066,-0.0347209207113852,0.0007705041709422,-0.0258162251980631,0.0002877639859697,-0.0347209207113852,0.0007705041709422,0.0005581585772295,0.0394133997976568
IR,0.0416154611559387,0.0487755133206219,-0.0001185695760357,0.07,-0.0005871804304408,-0.0008912903865865,0.0001460801392446,-5.174510122360476e-05,-0.0008912903865865,-0.0008912903865865,0.0001460801392446,-0.0001866688081899,0.0515016762270012
IQ,0.000177548404076,0.0192955134395712,-1.2477929767403436e-05,0.0003230393690919,0.0,0.0,0.0,-3.265475651734878e-05,0.0,0.0,0.0,0.0,0.019295513439571
IE,0.0294453389852345,0.0231997039070937,0.0341041376953632,-0.0017086686689348,0.0455874767512842,0.0093200301752864,0.019054603851229,0.0335541803094841,-8.657088338586705e-05,-0.045187646682633,0.0010777347483144,0.0030035275420225,0.0223645621805296
IM,-0.001357203264755,-0.0171401252874854,-0.0011623859610205,-0.0008514932773909,-0.0016992654188818,-0.0017040642518971,0.0001798259026284,-0.0008933836767727,-0.0017040642518971,-0.0017040642518971,0.0001798259026284,-0.0033325115670357,-0.0103662315407615
IL,-0.0064297022292163,-0.000659536220945,-0.0012584314500986,-0.0011706928149781,-0.0012487774304681,-0.001260449424501,0.0007421624107364,-0.0008102494021546,-0.001428911542643,-0.001174594395825,0.0007421624107364,-0.0012026676827163,-0.0006560140179567
IT,-0.0250201873653439,-0.0024179638158372,0.0084063359650429,0.0036758961870307,-0.0260573784935117,0.0505441693867477,0.0066827854286704,0.0013805693470692,0.0534691183356291,-0.0128043694449877,0.07,-0.0049859046477452,0.0087617753646
JM,-0.0005216460769439,-0.0391196726835635,0.0681949804661863,-1.2692170112078849e-05,-0.0007427729233794,0.0218749894122646,-0.0030643002605356,0.0125865066164529,-0.0009756368403817,-0.0009756368403817,-0.0030643002605356,-0.0016401689947881,-0.0390231217565701
JP,5.772975744541797e-05,-0.007031784873699,0.007940750846147,-0.0173233802657485,-0.0068738833530679,-0.0159392145242938,0.0127753879635816,-0.0114369543354778,-0.0073809924462551,-0.0006959876533412,-0.0040728232354645,-0.000447616674736,-0.0041364302470415
JE,-0.0009583296564255,-0.0248380503288051,-0.0007882205380999,-0.0006941499276977,-0.0011423247055653,-0.0011117235570497,-6.8689091268892e-05,-0.0006093084030776,-0.0011117235570497,-0.0011117235570497,-6.8689091268892e-05,-0.0023150698233363,-0.0205998771083175
JO,0.0246084186553212,0.0110258717835144,-0.0063771142355263,-0.009025661116675,-0.0087249312995196,0.07,-0.0347862310100673,-0.0674256101599025,-0.0094372662934792,-0.0094372662934792,-0.0347862310100673,-0.0173931155050336,0.0105245896847936
KZ,0.0222545744210394,-0.0265646974089651,-0.0286473818504944,-0.0410091283696828,0.0450899378181158,-0.0468769827926395,-0.07,0.003238919367747,0.0555867319381136,0.0642774495522931,0.07,-0.0158709305815617,-0.0100993322415312
KE,0.000425317755603,0.0118725751519451,-0.0527407168507028,0.0004097696578504,0.0003007746447147,-0.0233969576703033,-8.941455869498904e-05,0.07,0.000377655081126,0.000377655081126,-8.941455869498904e-05,4.69109060442785e-05,0.0115708356112318
KI,-3.3975738326363913e-05,0.0318190543832584,-6.783968802601126e-05,-3.2073902233253904e-05,-6.603077877058439e-05,-4.246967290795489e-05,-8.84769154595455e-05,-7.084375470829685e-05,-4.246967290795489e-05,-4.246967290795489e-05,-8.84769154595455e-05,-4.423845772977275e-05,0.0318190543832584
KP,0.0019506204207834,0.0343892308188316,0.0046065833696301,-0.07,0.0069098750544452,0.0024382755259793,0.0097316006186427,-3.6179488941565086e-05,0.0024382755259793,0.0024382755259793,0.0097316006186427,0.0048658003093213,0.0377184123271201
KR,-0.0152520969362504,0.0030621655650557,0.0300496045266951,-0.0166794375205789,0.0349811596694461,0.0370369845687339,0.0548991213297376,-0.0086048089532868,-0.0133211877226008,-0.0289398509755635,-0.0214751863109261,-0.0177358403873264,0.004580574117368
XK,-0.0245907974177974,-0.0044180677353507,-0.015699335380043,-0.0034375788328347,-0.0081562339356551,0.0449934746385088,-0.0001585399734557,0.024156365554989,-0.0548756600956761,0.0177404266624497,-0.0001585399734557,2.8941858182446323e-05,-0.0022967070012077
KW,0.0296527997458912,0.0334073055901247,-0.0520799086874788,-0.0079168247049691,-0.0004802849195908,0.07,-0.0011637291883904,-0.0108998038872019,-0.007262039695039,-0.007262039695039,-0.0011637291883904,-0.0005818645941952,0.0373305974270525
KG,-0.0216676716794527,-0.008781329983817,0.0381961609660972,-0.0002264378897189,0.0556365883807169,0.000167511833079,-0.07,-0.034447768111696,-0.07,-0.0522361992200258,0.0004888929377079,0.07,-0.0092743649157554
LA,0.0004735774666708,0.0648920187650096,0.0002481991228961,0.0006694721618112,0.0003343861100587,0.0002086438848717,-8.661870067383504e-05,0.0001631765104503,0.0002086438848717,0.0002086438848717,-8.661870067377953e-05,-4.330935033691752e-05,0.0648920187650095
LV,-0.0437312768207483,-0.0032538019011611,-0.0487457674641392,-0.07,-0.0348496637817595,-0.0529072017786801,-0.07,-0.0230432427647584,-0.0405606141758766,-0.0572096656313294,-0.07,-0.0197618194152604,0.0104732099276478
LB,-0.0003158725074598,-0.0303427638939081,-0.000537082053837,-0.0002193701200147,-0.0002414648788352,-0.0003823570156249,-7.030084016090843e-05,-0.07,-0.0003823570156249,-0.0003823570156249,-7.030084016090843e-05,-0.0001835679546355,-0.0300612183286834
LS,0.0053988288381158,0.0080383534681576,-0.07,0.0049918647465437,0.0023662287267326,0.0067485360476448,0.0097334344534414,0.0073723708203564,0.0067485360476448,-0.0158368505377304,0.0097334344534414,0.0048667172267207,0.0081194671296773
LR,-9.512358230382434e-05,-0.07,-0.0039544009212991,-0.0001237102379098,-0.005888681139591,-6.695510747996292e-05,-7.861584441465341e-05,-0.002984278585297,-6.695510747996292e-05,-6.695510747996292e-05,-7.861584441465341e-05,5.208406235926444e-05,-0.07
LY,-6.907115587447831e-05,-0.0619854746552571,0.0023872506025954,0.0018572768813271,-0.0001553880282297,-0.0003703852249125,-0.0025354441613336,0.0058826289100741,-0.0003703852249125,-0.0003703852249125,-0.0025354441613336,-0.0010557088201737,-0.0620085213810942
LI,-0.0058365807582325,-0.00311284801528,-0.0048922323203353,-0.0036588947848922,-0.0072970106388464,-0.0072957259477906,0.0,-0.0036881610998358,-0.0072957259477906,-0.0072957259477906,0.0,-0.0145102519807469,-6.0889289263462866e-05
LT,-0.0143779664557414,-0.0208100387370442,-0.0180366018033244,-0.0268772849035995,0.0597174547940503,0.0616275052361143,0.07,-0.0216697614594717,-0.0218112940150334,0.0017510495471197,0.0285348287459499,0.0209506076276019,-0.0014520033232628
LU,-0.07,-0.0316407806391584,-0.0145867082306323,-0.0103258793242924,0.07,0.0317849116469723,0.0,-0.0666670260195116,-0.0227734708611389,-0.07,-0.07,-0.0418432438309616,-0.0502948332662927
MG,-0.0004592322173576,0.0362662072444325,-0.0004252341837925,-0.0003546312331235,-0.0002110909808857,0.036332140720909,-7.292122867852413e-05,-0.0003371081837819,-0.0005161697552751,-0.0005161697552751,-7.292122867852413e-05,-0.0002398895089701,0.036342888932652
MW,-0.07,-0.006277128690452,-0.07,-0.07,-0.07,-0.07,0.0097287830151194,-0.07,-0.07,-0.07,0.0097287830151195,-0.07,-0.00627592552283
MY,0.0003159263674104,0.0633003413641682,0.0001220763303905,0.07,0.0001703741038299,0.000315067227435,0.0004092513860456,-0.07,0.000315067227435,0.000315067227435,0.0004092513860456,0.0002046256930228,0.0630315513739807
MV,0.0004017021138766,0.07,0.0001716045819186,0.0005184905251205,0.0002938415355421,0.000223818789804,-7.156015567533203e-05,0.0001063787573566,0.000223818789804,0.000223818789804,-7.156015567538754e-05,0.0002165528823826,0.07
ML,-0.0002786716071798,0.0437421394794022,-0.0003767073822659,-2.7830250608373852e-05,-8.684200843597778e-05,-0.0005083204548881,-6.83942410180105e-05,-0.0003046155529496,-0.0005083204548881,-0.0005083204548881,-6.83942410180105e-05,-0.0004340690140497,0.0445747849937829
MT,0.0301627544766335,0.0216823833597308,0.0201176998034229,-0.07,-0.0043332516290623,-0.0222023174148978,-7.355129651520631e-05,0.0251240333416745,0.0599788440461252,-0.0217869132979941,-7.355129651520631e-05,0.010417581054737,0.0180012039958218
MH,-0.005111930144428,0.0693064616131776,-0.0042702878280566,-0.0032524078087721,-0.0063613937449134,-0.0063459028917237,-8.20061248513193e-05,-0.0032223497070874,-0.0063459028917237,-0.0063459028917237,-8.20061248513193e-05,-3.79809772073636e-05,0.0692999985817384
MQ,-0.0018580954271206,0.0102652920342534,-0.0013210319816877,-0.0020572334184977,-0.000999395012719,-0.001435110612299,-9.349415052994914e-05,-0.0010116628430394,-0.001435110612299,-0.001435110612299,-9.349415052994914e-05,-0.0008166278411109,0.014346307995684
MR,-0.0005203451020447,0.04700029350973,-0.0001654392597663,-0.0003515941527606,-0.0003703710170688,0.0582878044840901,-9.626198402040707e-05,-0.0001421500932757,-0.0006353107389825,-0.0006353107389825,-9.626198402035158e-05,5.708737659837482e-05,0.0468904237405708
MU,8.307175909316732e-06,-0.013745631974449,7.367908545867034e-05,4.367703804354639e-05,-0.0001070947283361,-3.862747823429879e-05,-6.467129102372127e-05,3.481483519626738e-05,-3.862747823429879e-05,-3.862747823429879e-05,-6.467129102372127e-05,-0.0350323356455118,-0.0134199030886265
MX,-0.0467012641562818,-0.0248678555054415,0.0096176387739773,7.153306862697394e-05,0.0487574266726953,0.0060140163404809,0.0,-0.0215213866482801,-0.0231175850697082,0.0069816974989198,-0.0012932999414242,0.035,-0.0227282499880507
FM,0.0027856936063918,0.0311610377678793,0.0022908681756381,0.0017301790032784,0.0034829636002315,0.0034821170079898,-7.464536508672293e-05,0.0016986507413309,0.0034821170079898,0.0034821170079898,-7.464536508672293e-05,-0.0002051400480994,0.0315072474255091
MN,-0.0038584975973448,0.0259515185565133,-0.0079418448281008,-0.0065767665365089,-0.0153746991388363,-0.0046245547103236,-0.0347971937682503,-0.0130687080382501,-0.0046245547103236,-0.0046245547103236,-0.0347971937682503,-0.0173066377065299,0.0259052902831382
ME,-0.0190357856427378,-0.0513472843916021,0.0633519066325521,-0.07,-0.0577802827310671,0.065690403587985,-6.134042173672194e-05,-0.0675931243979938,0.0005776711501823,-0.0520761906264698,-6.134042173672194e-05,0.0021448454434819,-0.0475591048738701
MS,0.0005951879900844,-0.07,0.0002911524545124,0.0003031699223582,0.0004817971201858,0.0008027350276545,-7.357762965676251e-05,0.0001999995181315,0.0008027350276546,0.0008027350276546,-7.357762965681802e-05,0.0013493272020025,-0.07
MA,0.0211711675870875,0.00997199992569,0.0092655930110421,0.0002729686740638,0.0217097635711433,0.0098300209816259,-0.0006043290854944,-0.0134099045170673,-0.0430358382778531,0.0192655558489261,-0.046227624147622,0.0234879550532225,0.0089117075500586
MZ,-0.07,0.0193980770228381,0.0321428378919251,0.0019551753770262,0.0032381519740703,0.0661588071943768,0.0223458178999997,0.0064670482191686,-0.0279032246201673,0.0028524474701576,0.0023648289268531,0.007301026000078,0.0104237787587336
MM,-0.0698773244851582,-0.0444980645367952,-0.07,-0.0348260802701438,-0.07,-0.07,-0.07,-0.0474965992462591,-0.07,-0.07,-0.07,-0.0004109370251883,-0.0356445243009505
NA,0.0001519820089412,-0.0417852973333237,0.001134754243208,0.0001942640402249,0.0005795125671275,-0.0618794216297497,-0.0001172966644202,0.0014772885364015,7.685757449554798e-05,7.685757449554798e-05,-0.0001172966644202,-5.864833221014276e-05,-0.0422971009551696
NR,0.0007351802543061,0.07,-4.551423694362789e-05,0.001322093742419,-9.805430310712292e-05,4.503156341835457e-05,-0.0001020258841916,-5.280662160978e-05,4.503156341835457e-05,4.503156341835457e-05,-0.0001020258841916,-5.101294209583496e-05,0.07
NP,-6.60153672886521e-05,0.0691498529067679,-0.0001354855051979,-6.373298031221719e-05,-0.0002032282577969,-8.251920911081512e-05,-0.0003300768364432,-7.627445331324922e-05,-8.251920911081512e-05,-8.251920911081512e-05,-0.0003300768364432,-0.0001650384182216,0.0692132079001238
NL,-0.00994018466501,-0.0179142824655473,0.0019176494148807,-0.004850091223232,-0.0281260823466222,-0.0479963861908446,-0.0107928321125442,0.007724149836081,-0.0121038965560763,-0.0325221570063438,-0.0141022904645121,-0.020971495664376,-0.008119245194369
NC,-0.0003859280079806,0.0134806919345592,0.0002550413631703,-0.0005461584192541,0.0004102036385566,0.0039252981144063,-8.547815123349789e-05,-0.0074064432731138,-0.0001876365544237,-0.0001876365544237,-8.547815123344238e-05,-8.269261514853854e-05,0.0145293295188708
NZ,-0.0005224141761415,-0.0078804719667803,0.0246369070174404,-0.0309702599503269,-0.0519606410501906,-0.0064387474120729,0.07,0.0458209434286696,-0.07,-0.0140866122802304,-0.07,-0.0511634239039166,0.0088337079910879
NI,-0.0004386292246178,0.0035013628122417,-0.0006584993489551,-0.000484522950231,-0.0007062232717521,0.0169517134692277,-0.0021931461230891,-0.0007532038082839,-0.0005482865307722,-0.0005482865307722,-0.0021931461230891,-0.0010965730615445,0.0033457085681081
NE,-0.0004913621570499,-0.009795014175735,-0.0052489424330255,-0.0003172231162185,0.0001230663292463,-0.0006142026963124,-6.90902167673757e-05,-0.0039567925015089,-0.0006142026963124,-0.0006142026963124,-6.90902167673757e-05,-3.454510838368785e-05,-0.009795014175735
NG,0.024361701285664,0.0058873279618419,0.0022654104462696,0.07,0.0,0.0036329219365975,0.0,0.0699999999999999,0.0036329219365975,0.0036329219365975,0.0,0.0,-0.013250169389467
NU,0.000247182815756,0.019361420816982,0.0021681277341612,0.0004816556282624,0.0032895346843417,-2.8322519302043103e-05,-8.95518117844385e-05,0.0016054330546494,-2.8322519302043103e-05,-2.8322519302043103e-05,-8.95518117844385e-05,-4.477590589221925e-05,0.019361420816982
MK,0.051715716226738,-0.0034792445596021,-0.0102453380406437,-0.0081862396635738,0.0628680914825697,-0.0288658715484188,-0.0007322861441868,0.0107367365755639,0.0272848620933275,0.0029772998483331,0.0395298203930087,0.07,0.016422611118233
MP,0.0010843404055373,0.0005453516562646,0.0002074774970403,0.0018176762759783,0.0003473235022325,0.0002068056375127,-8.614926099853593e-05,0.0001334975351082,0.0002068056375127,0.0002068056375127,-8.614926099853593e-05,0.0001292430660757,0.0006613624500685
NO,-0.0179209264536576,-0.0127703569973248,-0.0150795111188993,-0.014024260157679,-0.0158583641897745,-0.0473242753011594,-0.0058392432914996,-0.0084647740476127,-0.0113253816173998,-0.032249131415339,0.0161240288344737,-0.0146745556456754,0.0119439364423079
OM,0.0029925773914879,-0.0416347079785586,0.0024700581558011,0.07,-2.640607567638842e-05,-0.07,0.0,-0.07,0.0037261775145856,0.0037261775145856,0.0,-0.0003912366561616,-0.0564313155085396
PK,0.07,-0.023316470417484,-0.0061312523483417,-0.07,-0.0095138720564062,-0.0091318353413364,-0.0371966416758915,0.054835480515868,-0.0091318353413364,-0.0091318353413364,-0.0371966416758915,-0.0185983208379457,-0.0399906761867098
PW,0.0044824530469969,0.0175324232475818,0.0029958249294099,0.0038646683872315,-0.0001009000127052,0.0045318802161202,-8.441895582467218e-05,0.0022258753952368,0.0045318802161202,0.0045318802161202,-8.441895582467218e-05,-0.0001641514707667,0.017780643647532
PA,0.0005631903373847,0.0461159322770258,0.0029986302584326,0.0009068060471406,-3.13124508844187e-05,0.07,-1.6049344304103208e-06,0.0027901628125845,0.0001456591020718,0.0001456591020718,-1.6049344304103208e-06,-0.0005395573247536,0.0461159322770258
PG,-0.006742237190149,0.0128170046465982,-0.0104516250058906,-0.0081010413655169,-0.0080964632540164,-0.0085071746836021,-0.0323858530160658,-0.0149522196417822,-0.0085071746836021,-0.0085071746836021,-0.0323858530160659,-0.0161929265080329,0.012817004646598
PY,-0.0003153133909969,0.0321887396572483,-0.0001960003934361,-6.314671151835122e-05,-4.9980715201597414e-05,-0.0005400064187363,-8.662398156000783e-05,-0.0048272654006171,-0.0005400064187363,-0.0005400064187363,-8.662398156000783e-05,5.674927847837408e-05,0.0321078314070565
PE,0.0003346411669627,0.0277807191288844,0.0002719142390429,0.0066252655363571,-0.0001082300247333,0.0503571501444061,0.0,0.0022109094581945,0.0004183014587034,0.0004183014587034,0.0,-0.0002164600494667,0.033098278945471
PH,0.014457573316315,0.0222489649218329,0.0682387113647723,-0.0224101835299734,-0.0303440539198986,0.0591739443232031,-0.0033981489332329,-0.0508329219727967,-0.0158003932749553,-0.0334184104243568,-0.0033981489332329,-0.07,0.0233031179733308
PL,-0.0077802059376225,0.0119848240645389,0.0307338414738657,-0.0101020537585772,0.0200099474304927,0.0100262166436974,0.0085459055511745,0.0108867820661053,0.0313631245076079,0.0161440153980774,0.0029563241321781,-0.0139427709898422,0.0147381793021295
PT,-0.0227799560145588,-0.0075186243185318,0.0173946065301678,-0.0143722939821456,-0.0186488066841644,-0.0467508652389901,0.0500973557227504,0.0010055003993018,0.0178711460500336,-0.003279013410655,0.0449938386161669,0.0008406683042871,0.0040235343673885
PR,2.048978222414233e-05,-0.0287787546370266,-7.529580709743818e-05,0.0001056977304132,-7.621666800242122e-05,-7.594778151719106e-05,-7.889968738672426e-05,-7.155934632520344e-05,-7.594778151719106e-05,-7.594778151719106e-05,-7.889968738672426e-05,-9.346355234265968e-05,-0.028673824778963
QA,0.0205323164480158,0.0354348980065106,-0.004695823351434,-0.0355233735111553,-0.0069750482632465,-1.4074169566960504e-05,0.0001598415935347,0.07,-1.4074169566960504e-05,-1.4074169566960504e-05,0.0001598415935347,-0.0001123084271401,0.0634270019439667
MD,0.0409810099217082,-0.0021842510817492,-0.0053224763593215,0.0278752384287028,-0.0415765068939221,0.0006233417992324,0.000341374112217,0.0133214311634119,-0.0432276452304344,0.0401485206846839,-0.07,-0.07,-0.0070310854275051
RO,-0.0610322755388916,-0.0215370660410069,0.0237372696019825,-0.0621087337274237,0.0015033440187159,0.007472585331773,0.0129612911097418,-0.0015300132739357,0.0667670299798756,-0.0358308419487598,0.0485179461606375,-0.0296136378356388,0.022854107856458
RU,0.0632048523157768,0.0082149180777477,-0.0082863491222878,-0.0079102317590734,0.0186946965639086,0.0625917687850549,0.0003140935310314,-0.0274640416471415,0.023924682739409,0.0028844786569948,-0.0233723437141591,0.0583185053205355,-0.0031687147274855
RW,0.001745852881409,0.0373903760637089,0.0015989592768876,0.0010798460005082,0.0020656199726433,0.0021823161017612,0.0090776080600455,0.0011794525485536,0.0021823161017612,0.0021823161017612,0.0090776080600455,0.0040067089244853,0.0373903760637089
BL,0.0003598751967564,0.0382113716343517,-0.0015328014534041,0.0010103837663483,-0.0022581170369234,-0.000344316674142,-9.815044163519192e-05,-0.0011699260251769,-0.000344316674142,-0.000344316674142,-9.815044163519192e-05,-0.0002208254595466,0.0385681202795404
MF,-0.0169418655241953,-0.0220151771925244,-0.0160556850277965,-0.0133803048137855,-0.0100070527732774,-0.0223529972391976,-0.0348000711034642,-0.0191564971370624,-0.0223529972391976,-0.0223529972391976,-0.0348000711034642,-0.0171528442825716,-0.0224984368965044
WS,0.0001526028209153,0.02831923305016,-0.0001900084667175,0.0003199049955191,-0.0002462450733758,-4.371046355761132e-05,-9.610155563116728e-05,-0.0001613012155025,-4.371046355761132e-05,-4.371046355761132e-05,-9.610155563116728e-05,-4.8050777815583645e-05,0.02831923305016
ST,-7.879755413475742e-05,0.0510426769968274,-0.0001314287020724,-5.967757185378758e-05,-0.0001532741604878,-9.849694266844676e-05,-8.274534706209646e-05,-0.0001223743289483,-9.849694266844676e-05,-9.849694266844676e-05,-8.274534706209646e-05,-0.0001770921000856,0.051238511090459
SA,-0.010320574639471,-0.0121068475875081,7.954975568968958e-05,-0.0103301811699961,-2.201847150606895e-06,-0.0105282489678325,-0.0001969168890256,-0.0104354287391333,0.0003088508535584,0.0003088508535584,-0.0001969168890256,0.0001608914237278,-0.0127513675364672
SN,0.07,0.0529830595558102,0.07,0.0,-0.0086341964431199,-0.0086189186556757,-0.03480976316457,0.0477654328691206,-0.0086189186556757,-0.07,-0.03480976316457,-0.017404881582285,0.0480632500347115
RS,0.0263296423208056,-0.0141959193648748,-0.0483502191697155,0.0603957643899465,0.0217587069611844,-0.0442439499054651,0.07,0.0478707511083937,0.008042980841778,0.0697845139012569,-0.07,0.0522848469026019,-0.0332655093055341
SC,0.0006962404742161,-0.0321727457370383,-0.07,0.0010395014807891,-9.499897597407823e-05,0.0002541793933856,-9.718896920019038e-05,7.052429181744063e-05,0.0002541793933856,0.0002541793933856,-9.718896920019038e-05,-4.859448460009519e-05,-0.0321727457370384
SL,-0.0066330746271119,0.0505793778588416,4.184051175140646e-05,-0.0121908550389837,0.0001785008264292,-0.0002574613058694,-9.71476143832306e-05,1.1890769164552006e-05,-0.0002574613058694,-0.0002574613058694,-9.71476143831751e-05,-0.0003288974294244,0.0505793778588416
SG,-0.07,0.0153419126019823,-0.0004657935267415,0.0027882361564652,0.0001164290006867,5.28761732480898e-06,0.000257125817151,-0.0007308972467455,5.287617324795102e-06,5.28761732480898e-06,0.000257125817151,0.0001285629085755,0.0156486626182683
SX,-3.3266344353655165e-05,-0.0116443128474441,-0.0015646486813736,0.0010481495615965,-0.0020466510539912,-0.0011203197240129,-8.84328021359404e-05,-0.0011909422890971,-0.0011203197240129,-0.0011203197240129,-8.84328021359404e-05,-0.0001374497054093,-0.0115577360818267
SK,-0.0117161124799018,-0.0079107445413487,0.0192848405467592,-0.0118043910797829,-0.0014539918367244,0.0695302977441885,0.004278304113503,-0.0141148324140131,-0.0517533146213334,-0.0397121955104002,0.0023599443640222,0.0211071726824388,0.0016490267687321
SI,-0.0015831189935438,0.0005816015040375,0.016935128870409,-0.00212027326661,0.0231269670359461,0.0392690429239079,0.0663278254687824,0.0031676111030091,-0.0157680114462957,-0.0598211993449748,-0.0173740845082019,-0.0002701579410448,0.0018732617505161
SB,0.0034262273548074,0.0407750793142825,0.0031052225472433,0.0021311341155478,0.0047001388364893,0.0042827841935093,-8.787890905626039e-05,0.002306514155389,0.0042827841935093,0.0042827841935093,-8.787890905626039e-05,0.0086096692166431,0.0253317504193401
SO,-0.0006063099766172,-0.007226131761456,-0.0005070243329207,-0.000365959487406,8.079516282080701e-06,-0.0007810899880781,-8.794322112032349e-05,-0.0003991439116005,-0.0007810899880781,-0.0007810899880781,-8.794322112032349e-05,-0.000173050260471,-0.0070709144736676
ZA,-0.0122965864579442,-0.0168747114967362,0.0077830638942379,0.0024676858528502,-0.039828369668981,-0.0041007759503353,-0.07,-0.0607909198139005,-0.027505896830288,0.0110092906184559,-0.0276041263743136,0.0108349087621434,-0.0291928776529657
SS,-3.7898484560106024e-05,-0.0639364217821341,-0.0001152044255082,-3.325241985459998e-05,-0.0001301504179911,-4.7373105700132534e-05,-6.609483206237998e-05,-0.0001039796589717,-4.7373105700132534e-05,-4.7373105700118656e-05,-6.609483206237998e-05,-0.0001506722683292,-0.0639364217821341
ES,-0.0493074074660467,-0.0179322101650019,0.0158472753575383,0.0070563832047621,0.0200694096022586,0.0102385131820547,0.07,0.0247011979229863,-0.0342762295331326,-0.0293364532193145,0.0335011011768333,-0.0016883930056847,-0.0079028202840364
LK,-0.0003198399439448,0.0279008910972382,-0.0003941377108147,0.0087010320774151,-0.0002695935042297,-0.000399799929931,-8.719981400734378e-05,-0.07,-0.000399799929931,-0.000399799929931,-8.719981400728827e-05,-0.0001563737358774,0.0280433077031919
SH,-7.01162537508182e-05,0.0003328943341731,-5.0505514420179365e-05,-9.324499850542344e-05,-4.203826182917758e-05,-4.8386288199683825e-05,-6.275644522785173e-05,-5.3458510867430975e-05,-4.83862881996977e-05,-4.83862881996977e-05,-6.275644522785173e-05,-1.1628444304023766e-05,0.0004685960309176
KN,-0.0033061370654669,-0.0122254238375423,-0.0027521678715566,-0.0021028774881997,-0.0040893892328275,-0.0041072777990524,-8.290971258878566e-05,-0.0020837144750909,-0.0041072777990524,-0.0041072777990524,-8.290971258878566e-05,-0.0057994093598136,-5.204055595845194e-05
LC,-0.0055865510549534,-0.0166707049718524,-0.0049583899783748,-0.0031521613691332,-0.0073947869247768,-0.0073334189820844,-8.05773637331253e-05,-0.0037390406680025,-0.0073334189820844,-0.0073334189820844,-8.05773637331253e-05,-0.0146215799792779,0.0088918503990583
PM,-0.0045333432466936,-0.0183874433844453,-0.0044252832625862,-0.001900989490872,-0.0066017125184617,-0.0066078141700042,-8.81947401616956e-05,-0.0033404092892505,-0.0066078141700042,-0.0066078141700042,-8.81947401616956e-05,-0.0132445135420886,0.008230685918583
VC,0.003287487967681,0.0130548323067904,0.0028849725721104,0.0020445946755979,0.0043616554070072,0.0041093599596013,-5.920609012283195e-05,0.0021451351939539,0.0041093599596013,0.0041093599596013,-5.920609012283195e-05,0.0078884936897631,-0.0027380016391803
PS,0.0420574564745618,0.0382493476026105,-0.0002822161141144,0.0354846823271082,0.000110345807348,-0.0004265694199341,-5.746037053755426e-05,-0.0002306809340387,-0.0004265694199341,-0.0004265694199341,-5.746037053755426e-05,-1.2088579280811196e-05,0.0385981338795856
SD,-2.093130688578526e-05,0.0244698167561941,-5.9700490518121985e-06,0.0001696664229251,0.0003355450008271,-0.000205876948307,4.773417923309431e-05,-5.293960916348539e-05,-0.000205876948307,-0.000205876948307,4.773417923309431e-05,0.0001430201489883,0.024373530439765
SR,-0.0001995517001137,-0.0437938694383724,-0.0002760556932782,-0.0001544836870878,-0.0004286821869024,0.0070072543062302,-8.356627079714185e-05,0.07,-0.0002284534574393,-0.0002284534574393,-8.356627079714185e-05,0.0003430353283408,-0.045846664544714
SE,-0.038608960318298,-0.0112622734025296,-0.0282897517087493,0.0093238151760215,-0.0438539810019222,-0.0227605864105206,0.0131441255624755,0.0057689080271767,-0.0440315748218765,-0.0139092928137161,0.013176256052116,-0.0432866704055116,-0.00126142860598
CH,-0.0374270040006571,-0.0180482988152838,-0.0140275034451152,0.006101430110795,-0.0181054768955423,-0.008683124566397,0.0203957609698555,0.0159772583900628,-0.0658626832203403,0.015612886283374,0.0,-0.0173662491327941,-0.0086285499632659
SY,-0.0623044851057071,-0.0406540245119997,-0.0045976439006759,-0.06431295919825,0.0002801657554497,0.0002493538901478,0.000870003738548,-0.0049815861419376,0.0002493538901478,0.0002493538901478,0.000870003738548,0.000435001869274,-0.0150423571664414
TJ,0.07,-0.0506364464961778,0.0680593086506404,-0.0047368487609272,-0.07,-0.0019054640302654,0.07,0.050895772488123,-0.07,0.0567665978491845,-0.0081852898452493,-0.0481703608516765,-0.0541392115701781
TH,0.0637040338281161,0.051523008329042,0.0626531662118244,0.0516611446041226,0.0355637503543889,0.069221354588764,0.0002929904304362,0.058340392696977,-0.0546189883657167,0.0010867737676017,0.0002929904304362,0.0285595204258753,0.0383562433224042
TL,0.0052750335377584,0.0084228019438176,0.0070828140174926,0.0049141489595669,0.0022809094002441,0.006593791922198,0.0097308419653461,0.0094026774544108,0.006593791922198,0.006593791922198,0.0097308419653461,0.004865420982673,0.0086228603754285
TG,-0.07,-0.0166027630730303,0.0683946904030014,-0.0576359409602754,-0.0016735176954679,0.0178246442990753,-6.754904103584147e-05,-0.0214665902020488,0.0001884768013654,-0.07,-6.754904103584147e-05,-0.0003061095159376,-0.0524370791977792
TO,0.0002364729688047,-0.0010332052226419,0.0001720460933089,0.0001369276601846,0.0002986374791426,0.0002955912110058,-8.379917161677186e-05,0.0001069168690495,0.0002955912110058,0.0002955912110058,-8.379917161677186e-05,0.0002174417947062,-0.0015175002337645
TT,-0.0069979251808997,-0.0649784327474263,-0.0106151406029516,-0.07,-0.0081164176913884,-0.0087474064761246,0.0,-0.0034723180822737,-0.0087474064761246,-0.0087474064761246,0.0,-0.0162328353827768,-0.0243208298797207
TN,-0.0190220922907157,-0.0019404654627537,0.0342641827216885,0.0232980910781681,-0.07,-0.0179355874984864,0.0001413703431176,-0.0119857103011138,0.003375389670219,0.01654726339866,0.0001413703431176,0.000135498492267,-0.0001278827277097
TM,0.0301623850630443,0.0688435719012857,-0.0022795202469775,-0.0056266694081987,-0.0080103661448079,-0.0082413647526125,-0.0018969635821807,-0.0028277268255851,-0.0082413647526125,-0.0082413647526125,-0.0018969635821807,-0.0012415118137739,0.0692235383213192
TC,0.0005435177974747,0.0002543130029332,0.0001267382943641,0.0008176320354431,0.000233354719368,0.0001891642341561,-8.121034559460671e-05,7.367303636995892e-05,0.0001891642341561,0.0001891642341561,-8.121034559460671e-05,7.53243409912785e-05,0.0002815591354898
TV,0.000470272415125,0.0002706340326965,-0.0033675263333918,0.0009125470755836,-0.0050079239820252,-3.99636813280535e-05,-8.96913519030651e-05,-0.0025471735093327,-3.99636813280535e-05,-3.99636813280535e-05,-8.96913519030651e-05,-4.484567595153255e-05,0.0003839514585269
TR,0.0568369352200859,0.0138778453730289,0.0387190462286842,0.0355657307289929,0.0496996849868276,0.0149777827891974,-0.0217090472708098,0.0413787399195951,-0.0073098634413218,0.0599979554637104,0.0562985179640724,-0.0107805726464412,0.0025539750947496
UG,0.0006677778450872,0.0486188708793865,0.0006874071968833,0.066326741696652,0.0002090995337131,0.0007378409641712,-6.489613950533268e-05,0.0004971937540165,0.0007378409641712,0.0007378409641712,-6.489613950533268e-05,-3.244806975266634e-05,0.0450125668474537
UA,-0.045827531846806,-0.0622651921106067,-0.0372139268904101,-0.0637321940957851,-0.0559082641798333,-0.0366670960549821,-0.07,-0.0610115686266048,-0.0376206198813465,-0.0258160293182485,-0.07,0.0199417144180805,-0.0539303310280525
AE,-0.0013912538559593,-0.0127005443023984,0.0003227428417411,0.0002929367337814,0.0004933290956321,0.0003937728222472,0.00038638030972,-0.07,0.0003937728222472,0.0003937728222472,0.00038638030972,0.0003736043583603,-0.0127660403508443
GB,-0.0138585901253835,-0.0043354077163748,-0.010003713347047,-0.000232570935455,0.03825162527784,0.0320484528894213,0.0292427330718441,0.0250760209119813,-0.0461845636592161,-0.0445819037029508,-0.058039197594233,-0.0336480065831079,-0.0032870935707209
TZ,-0.07,0.0520281424355018,-0.07,-0.07,-0.07,0.0633287736462739,-0.07,0.07,-0.07,-0.07,0.0003650289358407,0.0003133877947865,0.0516390940637286
US,0.0376711801959633,0.0161014596603891,0.0145689071609812,-0.0314460746440412,-0.0443262357821208,0.0104888055453499,0.0026507750137707,0.0254854467701741,0.0579623009412192,-0.0350697828694716,0.000408468191537,0.02562472907239,0.0074289586203161
UY,-0.0001665784807977,0.0175916317898303,-0.0325298742237846,-0.0003282556478136,-0.0036084291926148,-0.07,0.0003212674590467,0.0004066364117113,0.0206753686438326,-0.07,0.0003212674590467,-0.07,0.0183229552106149
UZ,-0.0046593257246992,0.0007522581763384,0.049599975932265,-0.0100191462952124,0.0525612012433113,0.0649154650823416,-0.0005171115071251,0.0699898065566783,-0.0470784657562677,0.069999538373167,-0.0005171115071251,-0.0004858231636622,-0.0683853380350792
VU,-0.005593620739223,-0.0017402728313646,-8.319224690012117e-05,-0.0104362373147304,-7.941163169343513e-05,-6.0352672991662026e-05,-9.305436646028786e-05,-8.139393347343649e-05,-6.035267299164815e-05,-6.035267299164815e-05,-9.305436646028786e-05,-4.652718323014393e-05,-0.0017402728313646
VE,0.0193165374483241,-0.0309568617336425,-0.0002817147937127,-0.0509166335531175,-0.0001269218204783,0.07,-0.07,-0.0556434809153148,-0.07,-0.0001580963937921,-0.0004369316376939,0.0001877196664491,-0.069927637205421
VN,0.0116452665795501,0.0402957965469077,-0.0687179824579463,0.07,-0.0605012626016456,0.0035897936869922,0.0,-0.016983700912096,-0.07,-0.07,-0.065261630584684,-0.0005519887520984,0.0224205118281414
WF,-0.0047568069861704,-0.0025591615229294,0.0039238705958302,-0.008865562394312,0.0059270333369352,-6.448264301325835e-05,-8.563634205760451e-05,0.0029219455289075,-6.448264301325835e-05,-6.448264301325835e-05,-8.563634205760451e-05,-4.2818171028802254e-05,-0.0034484202041115
YE,-0.0079667372824206,-0.0527232407109445,-0.0068502039970437,-0.0058138113195021,-0.0101481347147521,-0.0102981913698443,-0.0125318813681402,-0.0505920662155509,-0.0102981913698443,-0.0102981913698443,-0.0125318813681402,-0.0057826763236594,-0.0527232407109446
ZM,-0.0002421128839039,0.0160368112053326,-0.0002017607365866,-0.0002117559620126,-0.0002714102476738,0.07,-0.0006810422627139,-0.0002096168248607,-0.0003026411048799,-0.0003026411048799,-0.0006810422627139,-0.0003405211313569,0.0160931203763786
ZW,-0.0183552671928304,0.033286378514022,0.07,0.07,-0.0160401331438929,0.0211864803810608,-0.0348132561244317,0.07,-0.0229440839910381,-0.0229440839910381,-0.0348132561244317,-0.0174066280622158,0.0326360669463027
DEFAULT,-0.00182041511386504,0.006590384440734944,0.0006722492794770156,-0.0011850629528412952,-0.0034019056942435704,0.002275352970423983,-0.0003487864622487094,0.0010550035489330688,-0.006501525125541967,-0.007068954643340237,-0.006007880380683566,-0.0028241383999940135,0.007147129519079719
