year,market,fuel_type,price_eur_mwh
2018,Australia,coal,9.221965771750892
2019,Australia,coal,6.90725984443014
2020,Australia,coal,5.628884343369539
2021,Australia,coal,10.0034357043748
2022,Australia,coal,19.412224150370808
2023,Australia,coal,11.068908264193304
2024,Australia,coal,9.279936818806332
2010,Colombia,coal,8.840671107898254
2011,Colombia,coal,11.540250028817017
2012,Colombia,coal,9.22029136167158
2013,Colombia,coal,7.572189083332482
2014,Colombia,coal,6.910826263528714
2015,Colombia,coal,6.498777459544782
2016,Colombia,coal,7.138141447317425
2017,Colombia,coal,9.131711216655619
2018,Colombia,coal,9.433917741683969
2019,Colombia,coal,6.527984697602225
2020,Colombia,coal,5.681060531725126
2021,Colombia,coal,12.062225886850884
2022,Colombia,coal,27.63130540960621
2023,Colombia,coal,10.671315479539992
2024,Colombia,coal,8.604258609540823
2019,Indonesia,coal,9.192742581611206
2020,Indonesia,coal,8.126332682762017
2021,Indonesia,coal,16.34550919058368
2022,Indonesia,coal,20.287593775626494
2023,Indonesia,coal,12.915923096995588
2024,Indonesia,coal,10.900483042435004
2001,Japan,coal,6.918978743621406
2002,Japan,coal,5.688094973347744
2003,Japan,coal,6.999246811823184
2004,Japan,coal,12.773222090316075
2005,Japan,coal,10.757745871908412
2006,Japan,coal,10.517425793660266
2007,Japan,coal,14.987977200799945
2008,Japan,coal,23.839986045481467
2009,Japan,coal,12.666909212984187
2010,Japan,coal,16.171812528065132
2011,Japan,coal,18.230239127448403
2012,Japan,coal,14.202637579540719
2013,Japan,coal,12.569445692975828
2014,Japan,coal,10.455080039026239
2015,Japan,coal,8.243299024571675
2016,Japan,coal,9.7068064318368
2017,Japan,coal,12.73620389943563
2018,Japan,coal,14.595846783658068
2019,Japan,coal,9.355602520154072
2020,Japan,coal,7.666625715082494
2021,Japan,coal,13.748098105730936
2022,Japan,coal,23.8364348697602
2023,Japan,coal,13.897386302451446
2024,Japan,coal,11.959271380346284
1987,Northwest_Europe,coal,8.970656360083659
1988,Northwest_Europe,coal,10.992121753183362
1989,Northwest_Europe,coal,11.048727442603212
1990,Northwest_Europe,coal,10.831089937871843
1991,Northwest_Europe,coal,10.231159982556088
1992,Northwest_Europe,coal,8.941277056544068
1993,Northwest_Europe,coal,7.588613777858069
1994,Northwest_Europe,coal,8.168068966890143
1995,Northwest_Europe,coal,9.50677593676782
1996,Northwest_Europe,coal,8.559713397424954
1997,Northwest_Europe,coal,7.895070439364646
1998,Northwest_Europe,coal,6.391761892662756
1999,Northwest_Europe,coal,5.626325866039729
2000,Northwest_Europe,coal,6.804667576629649
2001,Northwest_Europe,coal,7.176046923210693
2002,Northwest_Europe,coal,5.72790090727351
2003,Northwest_Europe,coal,7.714464995044495
2004,Northwest_Europe,coal,12.432782005524373
2005,Northwest_Europe,coal,10.092363025153416
2006,Northwest_Europe,coal,10.353339532054717
2007,Northwest_Europe,coal,13.941563425648328
2008,Northwest_Europe,coal,22.331154266269508
2009,Northwest_Europe,coal,10.682179729346197
2010,Northwest_Europe,coal,13.81115889251085
2011,Northwest_Europe,coal,17.58321301267642
2012,Northwest_Europe,coal,13.117093928697381
2013,Northwest_Europe,coal,11.416848595716324
2014,Northwest_Europe,coal,10.36703293693567
2015,Northwest_Europe,coal,7.801560082269127
2016,Northwest_Europe,coal,8.150890429071175
2017,Northwest_Europe,coal,11.225086479243782
2018,Northwest_Europe,coal,11.906115042615152
2019,Northwest_Europe,coal,7.662261262753001
2020,Northwest_Europe,coal,6.306154943503892
2021,Northwest_Europe,coal,14.731098799152939
2022,Northwest_Europe,coal,32.40526117559089
2023,Northwest_Europe,coal,13.8413490430651
2024,Northwest_Europe,coal,11.624571342202318
2025,Northwest_Europe,coal,10.127977260682844
2014,South_Africa,coal,8.63739546556613
2015,South_Africa,coal,6.522053550126268
2016,South_Africa,coal,7.195588428315333
2017,South_Africa,coal,9.509260654690456
2018,South_Africa,coal,10.117096236658572
2019,South_Africa,coal,7.089695749200917
2020,South_Africa,coal,6.075646918817192
2021,South_Africa,coal,11.593094333714145
2022,South_Africa,coal,23.6955270536901
2023,South_Africa,coal,10.648979124399878
2024,South_Africa,coal,9.175730839988733
2000,South_China,coal,5.676408529316483
2001,South_China,coal,6.374281527115623
2002,South_China,coal,6.553614170131342
2003,South_China,coal,6.127594866526492
2004,South_China,coal,8.039916230351627
2005,South_China,coal,9.337008104500594
2006,South_China,coal,9.430122240245481
2007,South_China,coal,10.48824109536766
2008,South_China,coal,17.316701294233653
2009,South_China,coal,14.54583014217562
2010,South_China,coal,17.929921002847237
2011,South_China,coal,20.09541305107912
2012,South_China,coal,17.308950142502358
2013,South_China,coal,14.547840304891858
2014,South_China,coal,12.619949425630706
2015,South_China,coal,10.119765674267702
2016,South_China,coal,10.5585490825629
2017,South_China,coal,13.725240539931383
2018,South_China,coal,14.066074254139366
2019,South_China,coal,4.889754991421224
2020,South_China,coal,4.204569033660497
2021,South_China,coal,16.34527272895493
2022,South_China,coal,21.57555416727738
2023,South_China,coal,14.063816051333323
2024,South_China,coal,11.548936545760366
2025,South_China,coal,8.838846738265516
1990,United_States,coal,7.615247825973386
1991,United_States,coal,6.710613205433431
1992,United_States,coal,6.407620703732898
1993,United_States,coal,6.509051265579473
1994,United_States,coal,6.742426966548659
1995,United_States,coal,5.582960387707089
1996,United_States,coal,5.996309806487598
1997,United_States,coal,5.841730422949632
1998,United_States,coal,5.992405699655834
1999,United_States,coal,5.9179843271547625
2000,United_States,coal,5.47125214083115
2001,United_States,coal,8.922288553783401
2002,United_States,coal,5.813854470580687
2003,United_States,coal,6.596029261727266
2004,United_States,coal,10.824503969676755
2005,United_States,coal,11.311959472409656
2006,United_States,coal,9.035381748893025
2007,United_States,coal,7.5568807285300625
2008,United_States,coal,17.181729900463278
2009,United_States,coal,8.919030835702657
2010,United_States,coal,9.806630058212967
2011,United_States,coal,11.8709120486075
2012,United_States,coal,9.232469351418676
2013,United_States,coal,9.428616687882865
2014,United_States,coal,8.927692131642662
2015,United_States,coal,6.854428883133724
2016,United_States,coal,6.753453759312129
2017,United_States,coal,8.203471440560953
2018,United_States,coal,9.139420247966852
2019,United_States,coal,7.044471348270631
2020,United_States,coal,5.205989404541051
2021,United_States,coal,7.96883298294515
2022,United_States,coal,16.96262025578133
2023,United_States,coal,7.608697182723304
2024,United_States,coal,7.800772943090528
1989,Henry_Hub,gas,10.619746211092247
1990,Henry_Hub,gas,9.719751516664653
1991,Henry_Hub,gas,8.474148354329289
1992,Henry_Hub,gas,9.772428403046103
1993,Henry_Hub,gas,11.364619922539914
1994,Henry_Hub,gas,10.035521068257689
1995,Henry_Hub,gas,8.589910514113367
1996,Henry_Hub,gas,13.626146077622353
1997,Henry_Hub,gas,12.210470153358473
1998,Henry_Hub,gas,9.884680414164244
1999,Henry_Hub,gas,10.554502378003832
2000,Henry_Hub,gas,19.0280429139923
2001,Henry_Hub,gas,17.801752143401984
2002,Henry_Hub,gas,14.338376240016382
2003,Henry_Hub,gas,23.701589593630814
2004,Henry_Hub,gas,23.988926296285975
2005,Henry_Hub,gas,34.90336756586808
2006,Henry_Hub,gas,25.897406318226118
2007,Henry_Hub,gas,25.96476660816513
2008,Henry_Hub,gas,31.804537590801246
2009,Henry_Hub,gas,14.153725405072644
2010,Henry_Hub,gas,15.559404497734043
2011,Henry_Hub,gas,13.74026274678913
2012,Henry_Hub,gas,9.278100262874403
2013,Henry_Hub,gas,12.369555028339317
2014,Henry_Hub,gas,14.200784147149774
2015,Henry_Hub,gas,8.529978027780817
2016,Henry_Hub,gas,9.069206976053842
2017,Henry_Hub,gas,9.354053835142686
2018,Henry_Hub,gas,9.624599717503527
2019,Henry_Hub,gas,7.6050650831579505
2020,Henry_Hub,gas,5.9560350877192985
2021,Henry_Hub,gas,10.977334925015976
2022,Henry_Hub,gas,16.886966127591105
2023,Henry_Hub,gas,6.4317938825936
2024,Henry_Hub,gas,5.556100980672945
2009,JKM,gas,19.064201566016216
2010,JKM,gas,27.424338521120276
2011,JKM,gas,48.28032173182546
2012,JKM,gas,51.012682172603995
2013,JKM,gas,55.064470771316955
2014,JKM,gas,45.3508913086396
2015,JKM,gas,24.34802157355061
2016,JKM,gas,18.461161531326677
2017,JKM,gas,22.531893190732212
2018,JKM,gas,30.107722193216155
2019,JKM,gas,16.63418617790325
2020,JKM,gas,13.13919298245614
2021,JKM,gas,53.171466043046124
2022,JKM,gas,89.9402992187376
2023,JKM,gas,35.00624575625054
2024,JKM,gas,29.41029452436213
2005,Netherlands_TTF,gas,23.04415517701062
2006,Netherlands_TTF,gas,27.895425796783623
2007,Netherlands_TTF,gas,22.042032084629398
2008,Netherlands_TTF,gas,38.3885086079015
2009,Netherlands_TTF,gas,17.728263198700684
2010,Netherlands_TTF,gas,23.765391801333504
2011,Netherlands_TTF,gas,31.61293534223664
2012,Netherlands_TTF,gas,31.613017986593874
2013,Netherlands_TTF,gas,34.9805695962714
2014,Netherlands_TTF,gas,26.536488348706147
2015,Netherlands_TTF,gas,21.07983075830892
2016,Netherlands_TTF,gas,14.620465338620605
2017,Netherlands_TTF,gas,18.04447547252187
2018,Netherlands_TTF,gas,24.308283901899927
2019,Netherlands_TTF,gas,13.51338257804162
2020,Netherlands_TTF,gas,9.368035087719297
2021,Netherlands_TTF,gas,44.795530800781336
2022,Netherlands_TTF,gas,98.17203349096461
2023,Netherlands_TTF,gas,32.718255837541356
2024,Netherlands_TTF,gas,26.89152874645706
1996,UK_NBP,gas,9.232207668533986
1997,UK_NBP,gas,9.4594946642619
1998,UK_NBP,gas,8.839185370358411
1999,UK_NBP,gas,7.346305619932183
2000,UK_NBP,gas,12.190542859791755
2001,UK_NBP,gas,13.865246755426114
2002,UK_NBP,gas,10.204790296948596
2003,UK_NBP,gas,14.018879812929063
2004,UK_NBP,gas,18.288993381441955
2005,UK_NBP,gas,28.200334476513866
2006,UK_NBP,gas,28.779165181530214
2007,UK_NBP,gas,22.340907095946402
2008,UK_NBP,gas,38.352530624201506
2009,UK_NBP,gas,17.294985890382133
2010,UK_NBP,gas,23.16148797379588
2011,UK_NBP,gas,30.993073864937884
2012,UK_NBP,gas,31.781710718646142
2013,UK_NBP,gas,35.24658153236472
2014,UK_NBP,gas,26.896416057504876
2015,UK_NBP,gas,21.308604115375836
2016,UK_NBP,gas,15.007762433683403
2017,UK_NBP,gas,18.265686205109706
2018,UK_NBP,gas,24.585916586058683
2019,UK_NBP,gas,13.51338257804162
2020,UK_NBP,gas,9.487754385964912
2021,UK_NBP,gas,44.16662098736896
2022,UK_NBP,gas,64.98041041259587
2023,UK_NBP,gas,31.26919555569221
2024,UK_NBP,gas,26.397653103730573
2005,Zeebrugge,gas,28.200334476513866
2006,Zeebrugge,gas,29.317093502680308
2007,Zeebrugge,gas,22.751860236507287
2008,Zeebrugge,gas,38.78426642860151
2009,Zeebrugge,gas,17.47551810218153
2010,Zeebrugge,gas,23.48120176484521
2011,Zeebrugge,gas,31.475188347281367
2012,Zeebrugge,gas,31.680495079414786
2013,Zeebrugge,gas,34.9805695962714
2014,Zeebrugge,gas,26.60192975030592
2015,Zeebrugge,gas,20.949103125699253
2016,Zeebrugge,gas,14.523641064854905
2017,Zeebrugge,gas,17.886467806387707
2018,Zeebrugge,gas,24.184891597829374
2019,Zeebrugge,gas,13.301289129507332
2020,Zeebrugge,gas,9.188456140350876
2021,Zeebrugge,gas,44.50966270377571
2022,Zeebrugge,gas,81.9467823370252
2023,Zeebrugge,gas,32.26065785379952
2024,Zeebrugge,gas,26.768059835775436
1976,Brent,oil,32.32350860020288
1977,Brent,oil,33.005582636877946
1978,Brent,oil,30.897348427564985
1979,Brent,oil,62.561718190321855
1980,Brent,oil,64.22369667524777
1981,Brent,oil,56.79552606048968
1982,Brent,oil,49.092192251797584
1983,Brent,oil,42.630354027703085
1984,Brent,oil,39.801187936520556
1985,Brent,oil,36.80338242080662
1986,Brent,oil,18.918058733350513
1987,Brent,oil,23.32401853381001
1988,Brent,oil,18.121947629916676
1989,Brent,oil,21.124467783126658
1990,Brent,oil,26.088129591748835
1991,Brent,oil,21.099573689330295
1992,Brent,oil,19.786557595482787
1993,Brent,oil,16.874650540546977
1994,Brent,oil,15.338364991640002
1995,Brent,oil,16.047056482613222
1996,Brent,oil,18.929464380873764
1997,Brent,oil,17.090378619169083
1998,Brent,oil,11.21296068469691
1999,Brent,oil,15.498650059624113
2000,Brent,oil,23.78113100751261
2001,Brent,oil,19.829119629513567
2002,Brent,oil,19.983747540550134
2003,Brent,oil,22.513738214378822
2004,Brent,oil,29.110341267694366
2005,Brent,oil,40.112007367449976
2006,Brent,oil,46.42779080921361
2007,Brent,oil,50.16630170980276
2008,Brent,oil,64.90900868606217
2009,Brent,oil,41.304040473936915
2010,Brent,oil,52.38655986322309
2011,Brent,oil,71.07143560110072
2012,Brent,oil,69.88706051714755
2013,Brent,oil,67.02159025456506
2014,Brent,oil,60.05819639078289
2015,Brent,oil,31.760672832021065
2016,Brent,oil,26.180405047054283
2017,Brent,oil,31.76590228015236
2018,Brent,oil,40.80490860288099
2019,Brent,oil,36.08824595880741
2020,Brent,oil,23.228958472129694
2021,Brent,oil,37.601664190921134
2022,Brent,oil,49.746213016152325
2023,Brent,oil,38.97048369083039
2024,Brent,oil,36.99285183584264
1972,Dubai,oil,6.53127712837906
1973,Dubai,oil,9.158498063353159
1974,Dubai,oil,30.340630587046093
1975,Dubai,oil,28.577372416736633
1976,Dubai,oil,27.778015203299343
1977,Dubai,oil,29.35410294860265
1978,Dubai,oil,28.715581313207682
1979,Dubai,oil,58.88045289978093
1980,Dubai,oil,62.23577883083337
1981,Dubai,oil,54.25055536866144
1982,Dubai,oil,47.350067140041354
1983,Dubai,oil,41.51951231530609
1984,Dubai,oil,38.80546676507181
1985,Dubai,oil,36.76332068377382
1986,Dubai,oil,17.174398434296034
1987,Dubai,oil,21.43937712299781
1988,Dubai,oil,16.008530144926393
1989,Dubai,oil,18.065301850737498
1990,Dubai,oil,22.218335400305268
1991,Dubai,oil,17.6181440305908
1992,Dubai,oil,17.59487885561047
1993,Dubai,oil,14.905775580601015
1994,Dubai,oil,14.242767492237142
1995,Dubai,oil,15.160791318473594
1996,Dubai,oil,17.638194677098635
1997,Dubai,oil,16.392081326190983
1998,Dubai,oil,10.842721416805974
1999,Dubai,oil,14.575803339323736
2000,Dubai,oil,21.920361809380918
2001,Dubai,oil,18.482297265152173
2002,Dubai,oil,18.849578015866637
2003,Dubai,oil,20.889437989408027
2004,Dubai,oil,25.489614211665486
2005,Dubai,oil,34.41745606473422
2006,Dubai,oil,43.81916762281934
2007,Dubai,oil,47.06858975175858
2008,Dubai,oil,62.92022762617665
2009,Dubai,oil,40.949068178636345
2010,Dubai,oil,51.25316510894959
2011,Dubai,oil,67.66670117944093
2012,Dubai,oil,68.25362962299732
2013,Dubai,oil,65.05399525261345
2014,Dubai,oil,58.88677325754175
2015,Dubai,oil,31.051377408973444
2016,Dubai,oil,24.557974274643655
2017,Dubai,oil,31.08005423313671
2018,Dubai,oil,40.141135023027644
2019,Dubai,oil,35.807228625379544
2020,Dubai,oil,23.545414168332222
2021,Dubai,oil,36.5411180284357
2022,Dubai,oil,47.320765993848816
2023,Dubai,oil,38.71112059753469
2024,Dubai,oil,36.46608388622379
1976,Forcados,oil,32.50027778786023
1977,Forcados,oil,33.6931989418129
1978,Forcados,oil,30.08194051613852
1979,Forcados,oil,57.890865456087134
1980,Forcados,oil,64.4852648126707
1981,Forcados,oil,57.190707844935055
1982,Forcados,oil,49.56867091484202
1983,Forcados,oil,42.61592751195767
1984,Forcados,oil,38.91610245078834
1985,Forcados,oil,37.05710675534774
1986,Forcados,oil,18.957389416787837
1987,Forcados,oil,23.260775533447184
1988,Forcados,oil,18.219116249916226
1989,Forcados,oil,21.205582031333947
1990,Forcados,oil,26.220054393729868
1991,Forcados,oil,21.215621344621614
1992,Forcados,oil,20.083560789203805
1993,Forcados,oil,17.31217830942386
1994,Forcados,oil,15.75527377459861
1995,Forcados,oil,16.27333695005313
1996,Forcados,oil,19.378203497788526
1997,Forcados,oil,17.305239324700803
1998,Forcados,oil,11.13362369872028
1999,Forcados,oil,15.507274795327856
2000,Forcados,oil,23.722721212055557
2001,Forcados,oil,19.658738487034114
2002,Forcados,oil,19.99972175920765
2003,Forcados,oil,22.396601178924197
2004,Forcados,oil,29.003849295458224
2005,Forcados,oil,40.97281163413956
2006,Forcados,oil,47.80337625996249
2007,Forcados,oil,51.61467262530887
2008,Forcados,oil,67.69196741751271
2009,Forcados,oil,42.42923567413497
2010,Forcados,oil,53.40793304294631
2011,Forcados,oil,72.59813640180744
2012,Forcados,oil,71.47668291988376
2013,Forcados,oil,68.49574450367614
2014,Forcados,oil,61.51488836994285
2015,Forcados,oil,32.98526834873575
2016,Forcados,oil,26.665338229951928
2017,Forcados,oil,31.836245669589864
2018,Forcados,oil,41.468682182734334
2019,Forcados,oil,36.504151612280666
2020,Forcados,oil,23.4898956251388
2021,Forcados,oil,36.991850147492016
2022,Forcados,oil,49.78549151044065
2023,Forcados,oil,39.42319018094652
2024,Forcados,oil,37.44633033160149
1976,WTI,oil,30.884102357850093
1977,WTI,oil,33.71690984887963
1978,WTI,oil,32.06536516555425
1979,WTI,oil,49.63770617568086
1980,WTI,oil,66.19417664383398
1981,WTI,oil,57.0326351311569
1982,WTI,oil,50.10470941076702
1983,WTI,oil,43.712342708609256
1984,WTI,oil,40.64478504010907
1985,WTI,oil,37.36424673926594
1986,WTI,oil,19.73089285772178
1987,WTI,oil,23.007803531995883
1988,WTI,oil,19.40943184491076
1989,WTI,oil,22.793103746248022
1990,WTI,oil,26.890672137133443
1991,WTI,oil,22.713691076564068
1992,WTI,oil,21.066743775314755
1993,WTI,oil,18.34633485404194
1994,WTI,oil,16.686046871436435
1995,WTI,oil,17.367025876012665
1996,WTI,oil,20.706104966209764
1997,WTI,oil,18.45116308753666
1998,WTI,oil,12.685102535596581
1999,WTI,oil,16.654364643925522
2000,WTI,oil,25.34150697186519
2001,WTI,oil,21.03801440234398
2002,WTI,oil,20.88629089469968
2003,WTI,oil,24.255175474804236
2004,WTI,oil,31.55965662912567
2005,WTI,oil,41.63496876236233
2006,WTI,oil,47.06925552717941
2007,WTI,oil,50.03463162657493
2008,WTI,oil,66.77766203092104
2009,WTI,oil,41.471480235871155
2010,WTI,oil,52.32066481936999
2011,WTI,oil,60.71031133856384
2012,WTI,oil,58.90990423998476
2013,WTI,oil,60.44032421355448
2014,WTI,oil,56.61676159001746
2015,WTI,oil,29.529726544144797
2016,WTI,oil,25.9469186997332
2017,WTI,oil,29.772839579423113
2018,WTI,oil,37.3086529365845
2019,WTI,oil,32.05283705078316
2020,WTI,oil,21.97423939595825
2021,WTI,oil,36.1115968326291
2022,WTI,oil,46.436999872361696
2023,WTI,oil,37.19738327120887
2024,WTI,oil,34.752942902245934
