country,fuel_type,year,price_eur_mwh,market
AD,coal,2020,6.31,Northwest_Europe
AD,coal,2030,9.62,Northwest_Europe
AD,coal,2035,9.61,Northwest_Europe
AD,coal,2040,9.6,Northwest_Europe
AD,coal,2045,9.59,Northwest_Europe
AD,coal,2050,9.59,Northwest_Europe
AE,coal,2020,5.63,Australia
AE,coal,2025,7.21,Australia
AE,coal,2030,4.69,Australia
AE,coal,2035,4.45,Australia
AE,coal,2040,4.42,Australia
AE,coal,2045,4.41,Australia
AE,coal,2050,4.41,Australia
AF,coal,2020,6.08,South_Africa
AF,coal,2025,8.11,South_Africa
AF,coal,2030,7.66,South_Africa
AF,coal,2035,7.63,South_Africa
AF,coal,2040,7.66,South_Africa
AF,coal,2045,7.64,South_Africa
AF,coal,2050,7.66,South_Africa
AL,coal,2020,6.31,Northwest_Europe
AL,coal,2030,9.62,Northwest_Europe
AL,coal,2035,9.61,Northwest_Europe
AL,coal,2040,9.6,Northwest_Europe
AL,coal,2045,9.59,Northwest_Europe
AL,coal,2050,9.59,Northwest_Europe
AM,coal,2020,6.31,Northwest_Europe
AM,coal,2030,9.62,Northwest_Europe
AM,coal,2035,9.61,Northwest_Europe
AM,coal,2040,9.6,Northwest_Europe
AM,coal,2045,9.59,Northwest_Europe
AM,coal,2050,9.59,Northwest_Europe
AO,coal,2020,6.08,South_Africa
AO,coal,2025,8.11,South_Africa
AO,coal,2030,7.66,South_Africa
AO,coal,2035,7.63,South_Africa
AO,coal,2040,7.66,South_Africa
AO,coal,2045,7.64,South_Africa
AO,coal,2050,7.66,South_Africa
AR,coal,2020,5.68,Colombia
AR,coal,2025,7.97,Colombia
AR,coal,2030,7.7,Colombia
AR,coal,2035,7.66,Colombia
AR,coal,2040,7.67,Colombia
AR,coal,2045,7.68,Colombia
AR,coal,2050,7.68,Colombia
AT,coal,2020,6.31,Northwest_Europe
AT,coal,2030,9.62,Northwest_Europe
AT,coal,2035,9.61,Northwest_Europe
AT,coal,2040,9.6,Northwest_Europe
AT,coal,2045,9.59,Northwest_Europe
AT,coal,2050,9.59,Northwest_Europe
AU,coal,2020,5.63,Australia
AU,coal,2025,7.21,Australia
AU,coal,2030,4.69,Australia
AU,coal,2035,4.45,Australia
AU,coal,2040,4.42,Australia
AU,coal,2045,4.41,Australia
AU,coal,2050,4.41,Australia
AZ,coal,2020,6.31,Northwest_Europe
AZ,coal,2030,9.62,Northwest_Europe
AZ,coal,2035,9.61,Northwest_Europe
AZ,coal,2040,9.6,Northwest_Europe
AZ,coal,2045,9.59,Northwest_Europe
AZ,coal,2050,9.59,Northwest_Europe
BA,coal,2020,6.31,Northwest_Europe
BA,coal,2030,9.62,Northwest_Europe
BA,coal,2035,9.61,Northwest_Europe
BA,coal,2040,9.6,Northwest_Europe
BA,coal,2045,9.59,Northwest_Europe
BA,coal,2050,9.59,Northwest_Europe
BD,coal,2020,4.2,South_China
BD,coal,2030,9.72,South_China
BD,coal,2035,9.78,South_China
BD,coal,2040,9.76,South_China
BD,coal,2045,9.77,South_China
BD,coal,2050,9.72,South_China
BE,coal,2020,6.31,Northwest_Europe
BE,coal,2030,9.62,Northwest_Europe
BE,coal,2035,9.61,Northwest_Europe
BE,coal,2040,9.6,Northwest_Europe
BE,coal,2045,9.59,Northwest_Europe
BE,coal,2050,9.59,Northwest_Europe
BF,coal,2020,6.08,South_Africa
BF,coal,2025,8.11,South_Africa
BF,coal,2030,7.66,South_Africa
BF,coal,2035,7.63,South_Africa
BF,coal,2040,7.66,South_Africa
BF,coal,2045,7.64,South_Africa
BF,coal,2050,7.66,South_Africa
BG,coal,2020,6.31,Northwest_Europe
BG,coal,2030,9.62,Northwest_Europe
BG,coal,2035,9.61,Northwest_Europe
BG,coal,2040,9.6,Northwest_Europe
BG,coal,2045,9.59,Northwest_Europe
BG,coal,2050,9.59,Northwest_Europe
BH,coal,2020,5.63,Australia
BH,coal,2025,7.21,Australia
BH,coal,2030,4.69,Australia
BH,coal,2035,4.45,Australia
BH,coal,2040,4.42,Australia
BH,coal,2045,4.41,Australia
BH,coal,2050,4.41,Australia
BI,coal,2020,6.08,South_Africa
BI,coal,2025,8.11,South_Africa
BI,coal,2030,7.66,South_Africa
BI,coal,2035,7.63,South_Africa
BI,coal,2040,7.66,South_Africa
BI,coal,2045,7.64,South_Africa
BI,coal,2050,7.66,South_Africa
BJ,coal,2020,6.08,South_Africa
BJ,coal,2025,8.11,South_Africa
BJ,coal,2030,7.66,South_Africa
BJ,coal,2035,7.63,South_Africa
BJ,coal,2040,7.66,South_Africa
BJ,coal,2045,7.64,South_Africa
BJ,coal,2050,7.66,South_Africa
BN,coal,2020,4.2,South_China
BN,coal,2030,9.72,South_China
BN,coal,2035,9.78,South_China
BN,coal,2040,9.76,South_China
BN,coal,2045,9.77,South_China
BN,coal,2050,9.72,South_China
BO,coal,2020,5.68,Colombia
BO,coal,2025,7.97,Colombia
BO,coal,2030,7.7,Colombia
BO,coal,2035,7.66,Colombia
BO,coal,2040,7.67,Colombia
BO,coal,2045,7.68,Colombia
BO,coal,2050,7.68,Colombia
BR,coal,2020,5.68,Colombia
BR,coal,2025,7.97,Colombia
BR,coal,2030,7.7,Colombia
BR,coal,2035,7.66,Colombia
BR,coal,2040,7.67,Colombia
BR,coal,2045,7.68,Colombia
BR,coal,2050,7.68,Colombia
BS,coal,2020,5.68,Colombia
BS,coal,2025,7.97,Colombia
BS,coal,2030,7.7,Colombia
BS,coal,2035,7.66,Colombia
BS,coal,2040,7.67,Colombia
BS,coal,2045,7.68,Colombia
BS,coal,2050,7.68,Colombia
BT,coal,2020,4.2,South_China
BT,coal,2030,9.72,South_China
BT,coal,2035,9.78,South_China
BT,coal,2040,9.76,South_China
BT,coal,2045,9.77,South_China
BT,coal,2050,9.72,South_China
BW,coal,2020,6.08,South_Africa
BW,coal,2025,8.11,South_Africa
BW,coal,2030,7.66,South_Africa
BW,coal,2035,7.63,South_Africa
BW,coal,2040,7.66,South_Africa
BW,coal,2045,7.64,South_Africa
BW,coal,2050,7.66,South_Africa
BY,coal,2020,6.31,Northwest_Europe
BY,coal,2030,9.62,Northwest_Europe
BY,coal,2035,9.61,Northwest_Europe
BY,coal,2040,9.6,Northwest_Europe
BY,coal,2045,9.59,Northwest_Europe
BY,coal,2050,9.59,Northwest_Europe
BZ,coal,2020,5.68,Colombia
BZ,coal,2025,7.97,Colombia
BZ,coal,2030,7.7,Colombia
BZ,coal,2035,7.66,Colombia
BZ,coal,2040,7.67,Colombia
BZ,coal,2045,7.68,Colombia
BZ,coal,2050,7.68,Colombia
CA,coal,2020,5.21,United_States
CA,coal,2025,7.84,United_States
CA,coal,2030,7.8,United_States
CA,coal,2035,7.79,United_States
CA,coal,2040,7.8,United_States
CA,coal,2045,7.74,United_States
CA,coal,2050,7.76,United_States
CD,coal,2020,6.08,South_Africa
CD,coal,2025,8.11,South_Africa
CD,coal,2030,7.66,South_Africa
CD,coal,2035,7.63,South_Africa
CD,coal,2040,7.66,South_Africa
CD,coal,2045,7.64,South_Africa
CD,coal,2050,7.66,South_Africa
CF,coal,2020,6.08,South_Africa
CF,coal,2025,8.11,South_Africa
CF,coal,2030,7.66,South_Africa
CF,coal,2035,7.63,South_Africa
CF,coal,2040,7.66,South_Africa
CF,coal,2045,7.64,South_Africa
CF,coal,2050,7.66,South_Africa
CG,coal,2020,6.08,South_Africa
CG,coal,2025,8.11,South_Africa
CG,coal,2030,7.66,South_Africa
CG,coal,2035,7.63,South_Africa
CG,coal,2040,7.66,South_Africa
CG,coal,2045,7.64,South_Africa
CG,coal,2050,7.66,South_Africa
CH,coal,2020,6.31,Northwest_Europe
CH,coal,2030,9.62,Northwest_Europe
CH,coal,2035,9.61,Northwest_Europe
CH,coal,2040,9.6,Northwest_Europe
CH,coal,2045,9.59,Northwest_Europe
CH,coal,2050,9.59,Northwest_Europe
CI,coal,2020,6.08,South_Africa
CI,coal,2025,8.11,South_Africa
CI,coal,2030,7.66,South_Africa
CI,coal,2035,7.63,South_Africa
CI,coal,2040,7.66,South_Africa
CI,coal,2045,7.64,South_Africa
CI,coal,2050,7.66,South_Africa
CL,coal,2020,5.68,Colombia
CL,coal,2025,7.97,Colombia
CL,coal,2030,7.7,Colombia
CL,coal,2035,7.66,Colombia
CL,coal,2040,7.67,Colombia
CL,coal,2045,7.68,Colombia
CL,coal,2050,7.68,Colombia
CM,coal,2020,6.08,South_Africa
CM,coal,2025,8.11,South_Africa
CM,coal,2030,7.66,South_Africa
CM,coal,2035,7.63,South_Africa
CM,coal,2040,7.66,South_Africa
CM,coal,2045,7.64,South_Africa
CM,coal,2050,7.66,South_Africa
CN,coal,2020,5.21,United_States
CN,coal,2025,7.84,United_States
CN,coal,2030,7.8,United_States
CN,coal,2035,7.79,United_States
CN,coal,2040,7.8,United_States
CN,coal,2045,7.74,United_States
CN,coal,2050,7.76,United_States
CO,coal,2020,5.68,Colombia
CO,coal,2025,7.97,Colombia
CO,coal,2030,7.7,Colombia
CO,coal,2035,7.66,Colombia
CO,coal,2040,7.67,Colombia
CO,coal,2045,7.68,Colombia
CO,coal,2050,7.68,Colombia
CR,coal,2020,5.68,Colombia
CR,coal,2025,7.97,Colombia
CR,coal,2030,7.7,Colombia
CR,coal,2035,7.66,Colombia
CR,coal,2040,7.67,Colombia
CR,coal,2045,7.68,Colombia
CR,coal,2050,7.68,Colombia
CU,coal,2020,5.68,Colombia
CU,coal,2025,7.97,Colombia
CU,coal,2030,7.7,Colombia
CU,coal,2035,7.66,Colombia
CU,coal,2040,7.67,Colombia
CU,coal,2045,7.68,Colombia
CU,coal,2050,7.68,Colombia
CY,coal,2020,6.31,Northwest_Europe
CY,coal,2030,9.62,Northwest_Europe
CY,coal,2035,9.61,Northwest_Europe
CY,coal,2040,9.6,Northwest_Europe
CY,coal,2045,9.59,Northwest_Europe
CY,coal,2050,9.59,Northwest_Europe
CZ,coal,2020,6.31,Northwest_Europe
CZ,coal,2030,9.62,Northwest_Europe
CZ,coal,2035,9.61,Northwest_Europe
CZ,coal,2040,9.6,Northwest_Europe
CZ,coal,2045,9.59,Northwest_Europe
CZ,coal,2050,9.59,Northwest_Europe
DE,coal,2020,6.31,Northwest_Europe
DE,coal,2030,9.62,Northwest_Europe
DE,coal,2035,9.61,Northwest_Europe
DE,coal,2040,9.6,Northwest_Europe
DE,coal,2045,9.59,Northwest_Europe
DE,coal,2050,9.59,Northwest_Europe
DJ,coal,2020,6.08,South_Africa
DJ,coal,2025,8.11,South_Africa
DJ,coal,2030,7.66,South_Africa
DJ,coal,2035,7.63,South_Africa
DJ,coal,2040,7.66,South_Africa
DJ,coal,2045,7.64,South_Africa
DJ,coal,2050,7.66,South_Africa
DK,coal,2020,6.31,Northwest_Europe
DK,coal,2030,9.62,Northwest_Europe
DK,coal,2035,9.61,Northwest_Europe
DK,coal,2040,9.6,Northwest_Europe
DK,coal,2045,9.59,Northwest_Europe
DK,coal,2050,9.59,Northwest_Europe
DO,coal,2020,5.68,Colombia
DO,coal,2025,7.97,Colombia
DO,coal,2030,7.7,Colombia
DO,coal,2035,7.66,Colombia
DO,coal,2040,7.67,Colombia
DO,coal,2045,7.68,Colombia
DO,coal,2050,7.68,Colombia
DZ,coal,2020,6.31,Northwest_Europe
DZ,coal,2030,9.62,Northwest_Europe
DZ,coal,2035,9.61,Northwest_Europe
DZ,coal,2040,9.6,Northwest_Europe
DZ,coal,2045,9.59,Northwest_Europe
DZ,coal,2050,9.59,Northwest_Europe
EC,coal,2020,5.68,Colombia
EC,coal,2025,7.97,Colombia
EC,coal,2030,7.7,Colombia
EC,coal,2035,7.66,Colombia
EC,coal,2040,7.67,Colombia
EC,coal,2045,7.68,Colombia
EC,coal,2050,7.68,Colombia
EE,coal,2020,6.31,Northwest_Europe
EE,coal,2030,9.62,Northwest_Europe
EE,coal,2035,9.61,Northwest_Europe
EE,coal,2040,9.6,Northwest_Europe
EE,coal,2045,9.59,Northwest_Europe
EE,coal,2050,9.59,Northwest_Europe
EG,coal,2020,6.31,Northwest_Europe
EG,coal,2030,9.62,Northwest_Europe
EG,coal,2035,9.61,Northwest_Europe
EG,coal,2040,9.6,Northwest_Europe
EG,coal,2045,9.59,Northwest_Europe
EG,coal,2050,9.59,Northwest_Europe
EH,coal,2020,6.31,Northwest_Europe
EH,coal,2030,9.62,Northwest_Europe
EH,coal,2035,9.61,Northwest_Europe
EH,coal,2040,9.6,Northwest_Europe
EH,coal,2045,9.59,Northwest_Europe
EH,coal,2050,9.59,Northwest_Europe
ER,coal,2020,6.08,South_Africa
ER,coal,2025,8.11,South_Africa
ER,coal,2030,7.66,South_Africa
ER,coal,2035,7.63,South_Africa
ER,coal,2040,7.66,South_Africa
ER,coal,2045,7.64,South_Africa
ER,coal,2050,7.66,South_Africa
ES,coal,2020,6.31,Northwest_Europe
ES,coal,2030,9.62,Northwest_Europe
ES,coal,2035,9.61,Northwest_Europe
ES,coal,2040,9.6,Northwest_Europe
ES,coal,2045,9.59,Northwest_Europe
ES,coal,2050,9.59,Northwest_Europe
ET,coal,2020,6.08,South_Africa
ET,coal,2025,8.11,South_Africa
ET,coal,2030,7.66,South_Africa
ET,coal,2035,7.63,South_Africa
ET,coal,2040,7.66,South_Africa
ET,coal,2045,7.64,South_Africa
ET,coal,2050,7.66,South_Africa
FI,coal,2020,6.31,Northwest_Europe
FI,coal,2030,9.62,Northwest_Europe
FI,coal,2035,9.61,Northwest_Europe
FI,coal,2040,9.6,Northwest_Europe
FI,coal,2045,9.59,Northwest_Europe
FI,coal,2050,9.59,Northwest_Europe
FR,coal,2020,6.31,Northwest_Europe
FR,coal,2030,9.62,Northwest_Europe
FR,coal,2035,9.61,Northwest_Europe
FR,coal,2040,9.6,Northwest_Europe
FR,coal,2045,9.59,Northwest_Europe
FR,coal,2050,9.59,Northwest_Europe
GA,coal,2020,6.08,South_Africa
GA,coal,2025,8.11,South_Africa
GA,coal,2030,7.66,South_Africa
GA,coal,2035,7.63,South_Africa
GA,coal,2040,7.66,South_Africa
GA,coal,2045,7.64,South_Africa
GA,coal,2050,7.66,South_Africa
GB,coal,2020,6.31,Northwest_Europe
GB,coal,2030,9.62,Northwest_Europe
GB,coal,2035,9.61,Northwest_Europe
GB,coal,2040,9.6,Northwest_Europe
GB,coal,2045,9.59,Northwest_Europe
GB,coal,2050,9.59,Northwest_Europe
GE,coal,2020,6.31,Northwest_Europe
GE,coal,2030,9.62,Northwest_Europe
GE,coal,2035,9.61,Northwest_Europe
GE,coal,2040,9.6,Northwest_Europe
GE,coal,2045,9.59,Northwest_Europe
GE,coal,2050,9.59,Northwest_Europe
GF,coal,2020,5.68,Colombia
GF,coal,2025,7.97,Colombia
GF,coal,2030,7.7,Colombia
GF,coal,2035,7.66,Colombia
GF,coal,2040,7.67,Colombia
GF,coal,2045,7.68,Colombia
GF,coal,2050,7.68,Colombia
GH,coal,2020,6.08,South_Africa
GH,coal,2025,8.11,South_Africa
GH,coal,2030,7.66,South_Africa
GH,coal,2035,7.63,South_Africa
GH,coal,2040,7.66,South_Africa
GH,coal,2045,7.64,South_Africa
GH,coal,2050,7.66,South_Africa
GL,coal,2020,6.31,Northwest_Europe
GL,coal,2030,9.62,Northwest_Europe
GL,coal,2035,9.61,Northwest_Europe
GL,coal,2040,9.6,Northwest_Europe
GL,coal,2045,9.59,Northwest_Europe
GL,coal,2050,9.59,Northwest_Europe
GM,coal,2020,6.08,South_Africa
GM,coal,2025,8.11,South_Africa
GM,coal,2030,7.66,South_Africa
GM,coal,2035,7.63,South_Africa
GM,coal,2040,7.66,South_Africa
GM,coal,2045,7.64,South_Africa
GM,coal,2050,7.66,South_Africa
GN,coal,2020,6.08,South_Africa
GN,coal,2025,8.11,South_Africa
GN,coal,2030,7.66,South_Africa
GN,coal,2035,7.63,South_Africa
GN,coal,2040,7.66,South_Africa
GN,coal,2045,7.64,South_Africa
GN,coal,2050,7.66,South_Africa
GQ,coal,2020,6.08,South_Africa
GQ,coal,2025,8.11,South_Africa
GQ,coal,2030,7.66,South_Africa
GQ,coal,2035,7.63,South_Africa
GQ,coal,2040,7.66,South_Africa
GQ,coal,2045,7.64,South_Africa
GQ,coal,2050,7.66,South_Africa
GR,coal,2020,6.31,Northwest_Europe
GR,coal,2030,9.62,Northwest_Europe
GR,coal,2035,9.61,Northwest_Europe
GR,coal,2040,9.6,Northwest_Europe
GR,coal,2045,9.59,Northwest_Europe
GR,coal,2050,9.59,Northwest_Europe
GT,coal,2020,5.68,Colombia
GT,coal,2025,7.97,Colombia
GT,coal,2030,7.7,Colombia
GT,coal,2035,7.66,Colombia
GT,coal,2040,7.67,Colombia
GT,coal,2045,7.68,Colombia
GT,coal,2050,7.68,Colombia
GW,coal,2020,6.08,South_Africa
GW,coal,2025,8.11,South_Africa
GW,coal,2030,7.66,South_Africa
GW,coal,2035,7.63,South_Africa
GW,coal,2040,7.66,South_Africa
GW,coal,2045,7.64,South_Africa
GW,coal,2050,7.66,South_Africa
GY,coal,2020,5.68,Colombia
GY,coal,2025,7.97,Colombia
GY,coal,2030,7.7,Colombia
GY,coal,2035,7.66,Colombia
GY,coal,2040,7.67,Colombia
GY,coal,2045,7.68,Colombia
GY,coal,2050,7.68,Colombia
HN,coal,2020,5.68,Colombia
HN,coal,2025,7.97,Colombia
HN,coal,2030,7.7,Colombia
HN,coal,2035,7.66,Colombia
HN,coal,2040,7.67,Colombia
HN,coal,2045,7.68,Colombia
HN,coal,2050,7.68,Colombia
HR,coal,2020,6.31,Northwest_Europe
HR,coal,2030,9.62,Northwest_Europe
HR,coal,2035,9.61,Northwest_Europe
HR,coal,2040,9.6,Northwest_Europe
HR,coal,2045,9.59,Northwest_Europe
HR,coal,2050,9.59,Northwest_Europe
HT,coal,2020,5.68,Colombia
HT,coal,2025,7.97,Colombia
HT,coal,2030,7.7,Colombia
HT,coal,2035,7.66,Colombia
HT,coal,2040,7.67,Colombia
HT,coal,2045,7.68,Colombia
HT,coal,2050,7.68,Colombia
HU,coal,2020,6.31,Northwest_Europe
HU,coal,2030,9.62,Northwest_Europe
HU,coal,2035,9.61,Northwest_Europe
HU,coal,2040,9.6,Northwest_Europe
HU,coal,2045,9.59,Northwest_Europe
HU,coal,2050,9.59,Northwest_Europe
ID,coal,2020,4.2,South_China
ID,coal,2030,9.72,South_China
ID,coal,2035,9.78,South_China
ID,coal,2040,9.76,South_China
ID,coal,2045,9.77,South_China
ID,coal,2050,9.72,South_China
IE,coal,2020,6.31,Northwest_Europe
IE,coal,2030,9.62,Northwest_Europe
IE,coal,2035,9.61,Northwest_Europe
IE,coal,2040,9.6,Northwest_Europe
IE,coal,2045,9.59,Northwest_Europe
IE,coal,2050,9.59,Northwest_Europe
IL,coal,2020,6.31,Northwest_Europe
IL,coal,2030,9.62,Northwest_Europe
IL,coal,2035,9.61,Northwest_Europe
IL,coal,2040,9.6,Northwest_Europe
IL,coal,2045,9.59,Northwest_Europe
IL,coal,2050,9.59,Northwest_Europe
IN,coal,2020,5.21,United_States
IN,coal,2025,7.84,United_States
IN,coal,2030,7.8,United_States
IN,coal,2035,7.79,United_States
IN,coal,2040,7.8,United_States
IN,coal,2045,7.74,United_States
IN,coal,2050,7.76,United_States
IQ,coal,2020,5.63,Australia
IQ,coal,2025,7.21,Australia
IQ,coal,2030,4.69,Australia
IQ,coal,2035,4.45,Australia
IQ,coal,2040,4.42,Australia
IQ,coal,2045,4.41,Australia
IQ,coal,2050,4.41,Australia
IR,coal,2020,4.2,South_China
IR,coal,2030,9.72,South_China
IR,coal,2035,9.78,South_China
IR,coal,2040,9.76,South_China
IR,coal,2045,9.77,South_China
IR,coal,2050,9.72,South_China
IS,coal,2020,6.31,Northwest_Europe
IS,coal,2030,9.62,Northwest_Europe
IS,coal,2035,9.61,Northwest_Europe
IS,coal,2040,9.6,Northwest_Europe
IS,coal,2045,9.59,Northwest_Europe
IS,coal,2050,9.59,Northwest_Europe
IT,coal,2020,6.31,Northwest_Europe
IT,coal,2030,9.62,Northwest_Europe
IT,coal,2035,9.61,Northwest_Europe
IT,coal,2040,9.6,Northwest_Europe
IT,coal,2045,9.59,Northwest_Europe
IT,coal,2050,9.59,Northwest_Europe
JM,coal,2020,5.68,Colombia
JM,coal,2025,7.97,Colombia
JM,coal,2030,7.7,Colombia
JM,coal,2035,7.66,Colombia
JM,coal,2040,7.67,Colombia
JM,coal,2045,7.68,Colombia
JM,coal,2050,7.68,Colombia
JO,coal,2020,6.31,Northwest_Europe
JO,coal,2030,9.62,Northwest_Europe
JO,coal,2035,9.61,Northwest_Europe
JO,coal,2040,9.6,Northwest_Europe
JO,coal,2045,9.59,Northwest_Europe
JO,coal,2050,9.59,Northwest_Europe
JP,coal,2020,5.21,United_States
JP,coal,2025,7.84,United_States
JP,coal,2030,7.8,United_States
JP,coal,2035,7.79,United_States
JP,coal,2040,7.8,United_States
JP,coal,2045,7.74,United_States
JP,coal,2050,7.76,United_States
KE,coal,2020,6.08,South_Africa
KE,coal,2025,8.11,South_Africa
KE,coal,2030,7.66,South_Africa
KE,coal,2035,7.63,South_Africa
KE,coal,2040,7.66,South_Africa
KE,coal,2045,7.64,South_Africa
KE,coal,2050,7.66,South_Africa
KG,coal,2020,4.2,South_China
KG,coal,2030,9.72,South_China
KG,coal,2035,9.78,South_China
KG,coal,2040,9.76,South_China
KG,coal,2045,9.77,South_China
KG,coal,2050,9.72,South_China
KH,coal,2020,4.2,South_China
KH,coal,2030,9.72,South_China
KH,coal,2035,9.78,South_China
KH,coal,2040,9.76,South_China
KH,coal,2045,9.77,South_China
KH,coal,2050,9.72,South_China
KP,coal,2020,4.2,South_China
KP,coal,2030,9.72,South_China
KP,coal,2035,9.78,South_China
KP,coal,2040,9.76,South_China
KP,coal,2045,9.77,South_China
KP,coal,2050,9.72,South_China
KR,coal,2020,4.2,South_China
KR,coal,2030,9.72,South_China
KR,coal,2035,9.78,South_China
KR,coal,2040,9.76,South_China
KR,coal,2045,9.77,South_China
KR,coal,2050,9.72,South_China
KW,coal,2020,5.63,Australia
KW,coal,2025,7.21,Australia
KW,coal,2030,4.69,Australia
KW,coal,2035,4.45,Australia
KW,coal,2040,4.42,Australia
KW,coal,2045,4.41,Australia
KW,coal,2050,4.41,Australia
KZ,coal,2020,4.2,South_China
KZ,coal,2030,9.72,South_China
KZ,coal,2035,9.78,South_China
KZ,coal,2040,9.76,South_China
KZ,coal,2045,9.77,South_China
KZ,coal,2050,9.72,South_China
LA,coal,2020,4.2,South_China
LA,coal,2030,9.72,South_China
LA,coal,2035,9.78,South_China
LA,coal,2040,9.76,South_China
LA,coal,2045,9.77,South_China
LA,coal,2050,9.72,South_China
LB,coal,2020,6.31,Northwest_Europe
LB,coal,2030,9.62,Northwest_Europe
LB,coal,2035,9.61,Northwest_Europe
LB,coal,2040,9.6,Northwest_Europe
LB,coal,2045,9.59,Northwest_Europe
LB,coal,2050,9.59,Northwest_Europe
LK,coal,2020,4.2,South_China
LK,coal,2030,9.72,South_China
LK,coal,2035,9.78,South_China
LK,coal,2040,9.76,South_China
LK,coal,2045,9.77,South_China
LK,coal,2050,9.72,South_China
LR,coal,2020,6.08,South_Africa
LR,coal,2025,8.11,South_Africa
LR,coal,2030,7.66,South_Africa
LR,coal,2035,7.63,South_Africa
LR,coal,2040,7.66,South_Africa
LR,coal,2045,7.64,South_Africa
LR,coal,2050,7.66,South_Africa
LS,coal,2020,6.08,South_Africa
LS,coal,2025,8.11,South_Africa
LS,coal,2030,7.66,South_Africa
LS,coal,2035,7.63,South_Africa
LS,coal,2040,7.66,South_Africa
LS,coal,2045,7.64,South_Africa
LS,coal,2050,7.66,South_Africa
LT,coal,2020,6.31,Northwest_Europe
LT,coal,2030,9.62,Northwest_Europe
LT,coal,2035,9.61,Northwest_Europe
LT,coal,2040,9.6,Northwest_Europe
LT,coal,2045,9.59,Northwest_Europe
LT,coal,2050,9.59,Northwest_Europe
LU,coal,2020,6.31,Northwest_Europe
LU,coal,2030,9.62,Northwest_Europe
LU,coal,2035,9.61,Northwest_Europe
LU,coal,2040,9.6,Northwest_Europe
LU,coal,2045,9.59,Northwest_Europe
LU,coal,2050,9.59,Northwest_Europe
LV,coal,2020,6.31,Northwest_Europe
LV,coal,2030,9.62,Northwest_Europe
LV,coal,2035,9.61,Northwest_Europe
LV,coal,2040,9.6,Northwest_Europe
LV,coal,2045,9.59,Northwest_Europe
LV,coal,2050,9.59,Northwest_Europe
LY,coal,2020,6.31,Northwest_Europe
LY,coal,2030,9.62,Northwest_Europe
LY,coal,2035,9.61,Northwest_Europe
LY,coal,2040,9.6,Northwest_Europe
LY,coal,2045,9.59,Northwest_Europe
LY,coal,2050,9.59,Northwest_Europe
MA,coal,2020,6.31,Northwest_Europe
MA,coal,2030,9.62,Northwest_Europe
MA,coal,2035,9.61,Northwest_Europe
MA,coal,2040,9.6,Northwest_Europe
MA,coal,2045,9.59,Northwest_Europe
MA,coal,2050,9.59,Northwest_Europe
MD,coal,2020,6.31,Northwest_Europe
MD,coal,2030,9.62,Northwest_Europe
MD,coal,2035,9.61,Northwest_Europe
MD,coal,2040,9.6,Northwest_Europe
MD,coal,2045,9.59,Northwest_Europe
MD,coal,2050,9.59,Northwest_Europe
ME,coal,2020,6.31,Northwest_Europe
ME,coal,2030,9.62,Northwest_Europe
ME,coal,2035,9.61,Northwest_Europe
ME,coal,2040,9.6,Northwest_Europe
ME,coal,2045,9.59,Northwest_Europe
ME,coal,2050,9.59,Northwest_Europe
MG,coal,2020,6.08,South_Africa
MG,coal,2025,8.11,South_Africa
MG,coal,2030,7.66,South_Africa
MG,coal,2035,7.63,South_Africa
MG,coal,2040,7.66,South_Africa
MG,coal,2045,7.64,South_Africa
MG,coal,2050,7.66,South_Africa
MK,coal,2020,6.31,Northwest_Europe
MK,coal,2030,9.62,Northwest_Europe
MK,coal,2035,9.61,Northwest_Europe
MK,coal,2040,9.6,Northwest_Europe
MK,coal,2045,9.59,Northwest_Europe
MK,coal,2050,9.59,Northwest_Europe
ML,coal,2020,6.08,South_Africa
ML,coal,2025,8.11,South_Africa
ML,coal,2030,7.66,South_Africa
ML,coal,2035,7.63,South_Africa
ML,coal,2040,7.66,South_Africa
ML,coal,2045,7.64,South_Africa
ML,coal,2050,7.66,South_Africa
MM,coal,2020,4.2,South_China
MM,coal,2030,9.72,South_China
MM,coal,2035,9.78,South_China
MM,coal,2040,9.76,South_China
MM,coal,2045,9.77,South_China
MM,coal,2050,9.72,South_China
MN,coal,2020,4.2,South_China
MN,coal,2030,9.72,South_China
MN,coal,2035,9.78,South_China
MN,coal,2040,9.76,South_China
MN,coal,2045,9.77,South_China
MN,coal,2050,9.72,South_China
MR,coal,2020,6.08,South_Africa
MR,coal,2025,8.11,South_Africa
MR,coal,2030,7.66,South_Africa
MR,coal,2035,7.63,South_Africa
MR,coal,2040,7.66,South_Africa
MR,coal,2045,7.64,South_Africa
MR,coal,2050,7.66,South_Africa
MT,coal,2020,6.31,Northwest_Europe
MT,coal,2030,9.62,Northwest_Europe
MT,coal,2035,9.61,Northwest_Europe
MT,coal,2040,9.6,Northwest_Europe
MT,coal,2045,9.59,Northwest_Europe
MT,coal,2050,9.59,Northwest_Europe
MW,coal,2020,6.08,South_Africa
MW,coal,2025,8.11,South_Africa
MW,coal,2030,7.66,South_Africa
MW,coal,2035,7.63,South_Africa
MW,coal,2040,7.66,South_Africa
MW,coal,2045,7.64,South_Africa
MW,coal,2050,7.66,South_Africa
MX,coal,2020,5.21,United_States
MX,coal,2025,7.84,United_States
MX,coal,2030,7.8,United_States
MX,coal,2035,7.79,United_States
MX,coal,2040,7.8,United_States
MX,coal,2045,7.74,United_States
MX,coal,2050,7.76,United_States
MY,coal,2020,4.2,South_China
MY,coal,2030,9.72,South_China
MY,coal,2035,9.78,South_China
MY,coal,2040,9.76,South_China
MY,coal,2045,9.77,South_China
MY,coal,2050,9.72,South_China
MZ,coal,2020,6.08,South_Africa
MZ,coal,2025,8.11,South_Africa
MZ,coal,2030,7.66,South_Africa
MZ,coal,2035,7.63,South_Africa
MZ,coal,2040,7.66,South_Africa
MZ,coal,2045,7.64,South_Africa
MZ,coal,2050,7.66,South_Africa
NA,coal,2020,6.08,South_Africa
NA,coal,2025,8.11,South_Africa
NA,coal,2030,7.66,South_Africa
NA,coal,2035,7.63,South_Africa
NA,coal,2040,7.66,South_Africa
NA,coal,2045,7.64,South_Africa
NA,coal,2050,7.66,South_Africa
NE,coal,2020,6.08,South_Africa
NE,coal,2025,8.11,South_Africa
NE,coal,2030,7.66,South_Africa
NE,coal,2035,7.63,South_Africa
NE,coal,2040,7.66,South_Africa
NE,coal,2045,7.64,South_Africa
NE,coal,2050,7.66,South_Africa
NG,coal,2020,6.08,South_Africa
NG,coal,2025,8.11,South_Africa
NG,coal,2030,7.66,South_Africa
NG,coal,2035,7.63,South_Africa
NG,coal,2040,7.66,South_Africa
NG,coal,2045,7.64,South_Africa
NG,coal,2050,7.66,South_Africa
NI,coal,2020,5.68,Colombia
NI,coal,2025,7.97,Colombia
NI,coal,2030,7.7,Colombia
NI,coal,2035,7.66,Colombia
NI,coal,2040,7.67,Colombia
NI,coal,2045,7.68,Colombia
NI,coal,2050,7.68,Colombia
NL,coal,2020,6.31,Northwest_Europe
NL,coal,2030,9.62,Northwest_Europe
NL,coal,2035,9.61,Northwest_Europe
NL,coal,2040,9.6,Northwest_Europe
NL,coal,2045,9.59,Northwest_Europe
NL,coal,2050,9.59,Northwest_Europe
NO,coal,2020,6.31,Northwest_Europe
NO,coal,2030,9.62,Northwest_Europe
NO,coal,2035,9.61,Northwest_Europe
NO,coal,2040,9.6,Northwest_Europe
NO,coal,2045,9.59,Northwest_Europe
NO,coal,2050,9.59,Northwest_Europe
NP,coal,2020,4.2,South_China
NP,coal,2030,9.72,South_China
NP,coal,2035,9.78,South_China
NP,coal,2040,9.76,South_China
NP,coal,2045,9.77,South_China
NP,coal,2050,9.72,South_China
NZ,coal,2020,5.63,Australia
NZ,coal,2025,7.21,Australia
NZ,coal,2030,4.69,Australia
NZ,coal,2035,4.45,Australia
NZ,coal,2040,4.42,Australia
NZ,coal,2045,4.41,Australia
NZ,coal,2050,4.41,Australia
OM,coal,2020,5.63,Australia
OM,coal,2025,7.21,Australia
OM,coal,2030,4.69,Australia
OM,coal,2035,4.45,Australia
OM,coal,2040,4.42,Australia
OM,coal,2045,4.41,Australia
OM,coal,2050,4.41,Australia
PA,coal,2020,5.68,Colombia
PA,coal,2025,7.97,Colombia
PA,coal,2030,7.7,Colombia
PA,coal,2035,7.66,Colombia
PA,coal,2040,7.67,Colombia
PA,coal,2045,7.68,Colombia
PA,coal,2050,7.68,Colombia
PE,coal,2020,5.68,Colombia
PE,coal,2025,7.97,Colombia
PE,coal,2030,7.7,Colombia
PE,coal,2035,7.66,Colombia
PE,coal,2040,7.67,Colombia
PE,coal,2045,7.68,Colombia
PE,coal,2050,7.68,Colombia
PG,coal,2020,5.63,Australia
PG,coal,2025,7.21,Australia
PG,coal,2030,4.69,Australia
PG,coal,2035,4.45,Australia
PG,coal,2040,4.42,Australia
PG,coal,2045,4.41,Australia
PG,coal,2050,4.41,Australia
PH,coal,2020,4.2,South_China
PH,coal,2030,9.72,South_China
PH,coal,2035,9.78,South_China
PH,coal,2040,9.76,South_China
PH,coal,2045,9.77,South_China
PH,coal,2050,9.72,South_China
PK,coal,2020,4.2,South_China
PK,coal,2030,9.72,South_China
PK,coal,2035,9.78,South_China
PK,coal,2040,9.76,South_China
PK,coal,2045,9.77,South_China
PK,coal,2050,9.72,South_China
PL,coal,2020,6.31,Northwest_Europe
PL,coal,2030,9.62,Northwest_Europe
PL,coal,2035,9.61,Northwest_Europe
PL,coal,2040,9.6,Northwest_Europe
PL,coal,2045,9.59,Northwest_Europe
PL,coal,2050,9.59,Northwest_Europe
PR,coal,2020,5.68,Colombia
PR,coal,2025,7.97,Colombia
PR,coal,2030,7.7,Colombia
PR,coal,2035,7.66,Colombia
PR,coal,2040,7.67,Colombia
PR,coal,2045,7.68,Colombia
PR,coal,2050,7.68,Colombia
PS,coal,2020,6.31,Northwest_Europe
PS,coal,2030,9.62,Northwest_Europe
PS,coal,2035,9.61,Northwest_Europe
PS,coal,2040,9.6,Northwest_Europe
PS,coal,2045,9.59,Northwest_Europe
PS,coal,2050,9.59,Northwest_Europe
PT,coal,2020,6.31,Northwest_Europe
PT,coal,2030,9.62,Northwest_Europe
PT,coal,2035,9.61,Northwest_Europe
PT,coal,2040,9.6,Northwest_Europe
PT,coal,2045,9.59,Northwest_Europe
PT,coal,2050,9.59,Northwest_Europe
PY,coal,2020,5.68,Colombia
PY,coal,2025,7.97,Colombia
PY,coal,2030,7.7,Colombia
PY,coal,2035,7.66,Colombia
PY,coal,2040,7.67,Colombia
PY,coal,2045,7.68,Colombia
PY,coal,2050,7.68,Colombia
QA,coal,2020,5.63,Australia
QA,coal,2025,7.21,Australia
QA,coal,2030,4.69,Australia
QA,coal,2035,4.45,Australia
QA,coal,2040,4.42,Australia
QA,coal,2045,4.41,Australia
QA,coal,2050,4.41,Australia
RO,coal,2020,6.31,Northwest_Europe
RO,coal,2030,9.62,Northwest_Europe
RO,coal,2035,9.61,Northwest_Europe
RO,coal,2040,9.6,Northwest_Europe
RO,coal,2045,9.59,Northwest_Europe
RO,coal,2050,9.59,Northwest_Europe
RS,coal,2020,6.31,Northwest_Europe
RS,coal,2030,9.62,Northwest_Europe
RS,coal,2035,9.61,Northwest_Europe
RS,coal,2040,9.6,Northwest_Europe
RS,coal,2045,9.59,Northwest_Europe
RS,coal,2050,9.59,Northwest_Europe
RU,coal,2020,6.31,Northwest_Europe
RU,coal,2030,9.62,Northwest_Europe
RU,coal,2035,9.61,Northwest_Europe
RU,coal,2040,9.6,Northwest_Europe
RU,coal,2045,9.59,Northwest_Europe
RU,coal,2050,9.59,Northwest_Europe
RW,coal,2020,6.08,South_Africa
RW,coal,2025,8.11,South_Africa
RW,coal,2030,7.66,South_Africa
RW,coal,2035,7.63,South_Africa
RW,coal,2040,7.66,South_Africa
RW,coal,2045,7.64,South_Africa
RW,coal,2050,7.66,South_Africa
SA,coal,2020,5.63,Australia
SA,coal,2025,7.21,Australia
SA,coal,2030,4.69,Australia
SA,coal,2035,4.45,Australia
SA,coal,2040,4.42,Australia
SA,coal,2045,4.41,Australia
SA,coal,2050,4.41,Australia
SB,coal,2020,5.63,Australia
SB,coal,2025,7.21,Australia
SB,coal,2030,4.69,Australia
SB,coal,2035,4.45,Australia
SB,coal,2040,4.42,Australia
SB,coal,2045,4.41,Australia
SB,coal,2050,4.41,Australia
SD,coal,2020,6.08,South_Africa
SD,coal,2025,8.11,South_Africa
SD,coal,2030,7.66,South_Africa
SD,coal,2035,7.63,South_Africa
SD,coal,2040,7.66,South_Africa
SD,coal,2045,7.64,South_Africa
SD,coal,2050,7.66,South_Africa
SE,coal,2020,6.31,Northwest_Europe
SE,coal,2030,9.62,Northwest_Europe
SE,coal,2035,9.61,Northwest_Europe
SE,coal,2040,9.6,Northwest_Europe
SE,coal,2045,9.59,Northwest_Europe
SE,coal,2050,9.59,Northwest_Europe
SG,coal,2020,4.2,South_China
SG,coal,2030,9.72,South_China
SG,coal,2035,9.78,South_China
SG,coal,2040,9.76,South_China
SG,coal,2045,9.77,South_China
SG,coal,2050,9.72,South_China
SI,coal,2020,6.31,Northwest_Europe
SI,coal,2030,9.62,Northwest_Europe
SI,coal,2035,9.61,Northwest_Europe
SI,coal,2040,9.6,Northwest_Europe
SI,coal,2045,9.59,Northwest_Europe
SI,coal,2050,9.59,Northwest_Europe
SK,coal,2020,6.31,Northwest_Europe
SK,coal,2030,9.62,Northwest_Europe
SK,coal,2035,9.61,Northwest_Europe
SK,coal,2040,9.6,Northwest_Europe
SK,coal,2045,9.59,Northwest_Europe
SK,coal,2050,9.59,Northwest_Europe
SL,coal,2020,6.08,South_Africa
SL,coal,2025,8.11,South_Africa
SL,coal,2030,7.66,South_Africa
SL,coal,2035,7.63,South_Africa
SL,coal,2040,7.66,South_Africa
SL,coal,2045,7.64,South_Africa
SL,coal,2050,7.66,South_Africa
SN,coal,2020,6.08,South_Africa
SN,coal,2025,8.11,South_Africa
SN,coal,2030,7.66,South_Africa
SN,coal,2035,7.63,South_Africa
SN,coal,2040,7.66,South_Africa
SN,coal,2045,7.64,South_Africa
SN,coal,2050,7.66,South_Africa
SO,coal,2020,6.08,South_Africa
SO,coal,2025,8.11,South_Africa
SO,coal,2030,7.66,South_Africa
SO,coal,2035,7.63,South_Africa
SO,coal,2040,7.66,South_Africa
SO,coal,2045,7.64,South_Africa
SO,coal,2050,7.66,South_Africa
SR,coal,2020,5.68,Colombia
SR,coal,2025,7.97,Colombia
SR,coal,2030,7.7,Colombia
SR,coal,2035,7.66,Colombia
SR,coal,2040,7.67,Colombia
SR,coal,2045,7.68,Colombia
SR,coal,2050,7.68,Colombia
SS,coal,2020,6.08,South_Africa
SS,coal,2025,8.11,South_Africa
SS,coal,2030,7.66,South_Africa
SS,coal,2035,7.63,South_Africa
SS,coal,2040,7.66,South_Africa
SS,coal,2045,7.64,South_Africa
SS,coal,2050,7.66,South_Africa
SV,coal,2020,5.68,Colombia
SV,coal,2025,7.97,Colombia
SV,coal,2030,7.7,Colombia
SV,coal,2035,7.66,Colombia
SV,coal,2040,7.67,Colombia
SV,coal,2045,7.68,Colombia
SV,coal,2050,7.68,Colombia
SY,coal,2020,6.31,Northwest_Europe
SY,coal,2030,9.62,Northwest_Europe
SY,coal,2035,9.61,Northwest_Europe
SY,coal,2040,9.6,Northwest_Europe
SY,coal,2045,9.59,Northwest_Europe
SY,coal,2050,9.59,Northwest_Europe
SZ,coal,2020,6.08,South_Africa
SZ,coal,2025,8.11,South_Africa
SZ,coal,2030,7.66,South_Africa
SZ,coal,2035,7.63,South_Africa
SZ,coal,2040,7.66,South_Africa
SZ,coal,2045,7.64,South_Africa
SZ,coal,2050,7.66,South_Africa
TD,coal,2020,6.08,South_Africa
TD,coal,2025,8.11,South_Africa
TD,coal,2030,7.66,South_Africa
TD,coal,2035,7.63,South_Africa
TD,coal,2040,7.66,South_Africa
TD,coal,2045,7.64,South_Africa
TD,coal,2050,7.66,South_Africa
TG,coal,2020,6.08,South_Africa
TG,coal,2025,8.11,South_Africa
TG,coal,2030,7.66,South_Africa
TG,coal,2035,7.63,South_Africa
TG,coal,2040,7.66,South_Africa
TG,coal,2045,7.64,South_Africa
TG,coal,2050,7.66,South_Africa
TH,coal,2020,4.2,South_China
TH,coal,2030,9.72,South_China
TH,coal,2035,9.78,South_China
TH,coal,2040,9.76,South_China
TH,coal,2045,9.77,South_China
TH,coal,2050,9.72,South_China
TJ,coal,2020,4.2,South_China
TJ,coal,2030,9.72,South_China
TJ,coal,2035,9.78,South_China
TJ,coal,2040,9.76,South_China
TJ,coal,2045,9.77,South_China
TJ,coal,2050,9.72,South_China
TL,coal,2020,4.2,South_China
TL,coal,2030,9.72,South_China
TL,coal,2035,9.78,South_China
TL,coal,2040,9.76,South_China
TL,coal,2045,9.77,South_China
TL,coal,2050,9.72,South_China
TM,coal,2020,4.2,South_China
TM,coal,2030,9.72,South_China
TM,coal,2035,9.78,South_China
TM,coal,2040,9.76,South_China
TM,coal,2045,9.77,South_China
TM,coal,2050,9.72,South_China
TN,coal,2020,6.31,Northwest_Europe
TN,coal,2030,9.62,Northwest_Europe
TN,coal,2035,9.61,Northwest_Europe
TN,coal,2040,9.6,Northwest_Europe
TN,coal,2045,9.59,Northwest_Europe
TN,coal,2050,9.59,Northwest_Europe
TR,coal,2020,6.31,Northwest_Europe
TR,coal,2030,9.62,Northwest_Europe
TR,coal,2035,9.61,Northwest_Europe
TR,coal,2040,9.6,Northwest_Europe
TR,coal,2045,9.59,Northwest_Europe
TR,coal,2050,9.59,Northwest_Europe
TT,coal,2020,5.68,Colombia
TT,coal,2025,7.97,Colombia
TT,coal,2030,7.7,Colombia
TT,coal,2035,7.66,Colombia
TT,coal,2040,7.67,Colombia
TT,coal,2045,7.68,Colombia
TT,coal,2050,7.68,Colombia
TW,coal,2020,4.2,South_China
TW,coal,2030,9.72,South_China
TW,coal,2035,9.78,South_China
TW,coal,2040,9.76,South_China
TW,coal,2045,9.77,South_China
TW,coal,2050,9.72,South_China
TZ,coal,2020,6.08,South_Africa
TZ,coal,2025,8.11,South_Africa
TZ,coal,2030,7.66,South_Africa
TZ,coal,2035,7.63,South_Africa
TZ,coal,2040,7.66,South_Africa
TZ,coal,2045,7.64,South_Africa
TZ,coal,2050,7.66,South_Africa
UA,coal,2020,6.31,Northwest_Europe
UA,coal,2030,9.62,Northwest_Europe
UA,coal,2035,9.61,Northwest_Europe
UA,coal,2040,9.6,Northwest_Europe
UA,coal,2045,9.59,Northwest_Europe
UA,coal,2050,9.59,Northwest_Europe
UG,coal,2020,6.08,South_Africa
UG,coal,2025,8.11,South_Africa
UG,coal,2030,7.66,South_Africa
UG,coal,2035,7.63,South_Africa
UG,coal,2040,7.66,South_Africa
UG,coal,2045,7.64,South_Africa
UG,coal,2050,7.66,South_Africa
US,coal,2020,5.21,United_States
US,coal,2025,7.84,United_States
US,coal,2030,7.8,United_States
US,coal,2035,7.79,United_States
US,coal,2040,7.8,United_States
US,coal,2045,7.74,United_States
US,coal,2050,7.76,United_States
UY,coal,2020,5.68,Colombia
UY,coal,2025,7.97,Colombia
UY,coal,2030,7.7,Colombia
UY,coal,2035,7.66,Colombia
UY,coal,2040,7.67,Colombia
UY,coal,2045,7.68,Colombia
UY,coal,2050,7.68,Colombia
UZ,coal,2020,4.2,South_China
UZ,coal,2030,9.72,South_China
UZ,coal,2035,9.78,South_China
UZ,coal,2040,9.76,South_China
UZ,coal,2045,9.77,South_China
UZ,coal,2050,9.72,South_China
VE,coal,2020,5.68,Colombia
VE,coal,2025,7.97,Colombia
VE,coal,2030,7.7,Colombia
VE,coal,2035,7.66,Colombia
VE,coal,2040,7.67,Colombia
VE,coal,2045,7.68,Colombia
VE,coal,2050,7.68,Colombia
VN,coal,2020,4.2,South_China
VN,coal,2030,9.72,South_China
VN,coal,2035,9.78,South_China
VN,coal,2040,9.76,South_China
VN,coal,2045,9.77,South_China
VN,coal,2050,9.72,South_China
XK,coal,2020,6.31,Northwest_Europe
XK,coal,2030,9.62,Northwest_Europe
XK,coal,2035,9.61,Northwest_Europe
XK,coal,2040,9.6,Northwest_Europe
XK,coal,2045,9.59,Northwest_Europe
XK,coal,2050,9.59,Northwest_Europe
YE,coal,2020,4.2,South_China
YE,coal,2030,9.72,South_China
YE,coal,2035,9.78,South_China
YE,coal,2040,9.76,South_China
YE,coal,2045,9.77,South_China
YE,coal,2050,9.72,South_China
ZA,coal,2020,6.08,South_Africa
ZA,coal,2025,8.11,South_Africa
ZA,coal,2030,7.66,South_Africa
ZA,coal,2035,7.63,South_Africa
ZA,coal,2040,7.66,South_Africa
ZA,coal,2045,7.64,South_Africa
ZA,coal,2050,7.66,South_Africa
ZM,coal,2020,6.08,South_Africa
ZM,coal,2025,8.11,South_Africa
ZM,coal,2030,7.66,South_Africa
ZM,coal,2035,7.63,South_Africa
ZM,coal,2040,7.66,South_Africa
ZM,coal,2045,7.64,South_Africa
ZM,coal,2050,7.66,South_Africa
ZW,coal,2020,6.08,South_Africa
ZW,coal,2025,8.11,South_Africa
ZW,coal,2030,7.66,South_Africa
ZW,coal,2035,7.63,South_Africa
ZW,coal,2040,7.66,South_Africa
ZW,coal,2045,7.64,South_Africa
ZW,coal,2050,7.66,South_Africa
,gas,2020,5.96,Henry_Hub
,gas,2025,6.55,Henry_Hub
,gas,2030,9.66,Henry_Hub
,gas,2035,10.92,Henry_Hub
,gas,2040,11.44,Henry_Hub
,gas,2045,11.44,Henry_Hub
,gas,2050,11.65,Henry_Hub
AD,gas,2020,9.37,Netherlands_TTF
AD,gas,2025,24.37,Netherlands_TTF
AD,gas,2030,22.42,Netherlands_TTF
AD,gas,2035,22.28,Netherlands_TTF
AD,gas,2040,22.39,Netherlands_TTF
AD,gas,2045,22.53,Netherlands_TTF
AD,gas,2050,22.33,Netherlands_TTF
AE,gas,2020,5.96,Henry_Hub
AE,gas,2025,6.55,Henry_Hub
AE,gas,2030,9.66,Henry_Hub
AE,gas,2035,10.92,Henry_Hub
AE,gas,2040,11.44,Henry_Hub
AE,gas,2045,11.44,Henry_Hub
AE,gas,2050,11.65,Henry_Hub
AF,gas,2020,9.49,UK_NBP
AF,gas,2025,23.91,UK_NBP
AF,gas,2030,19.56,UK_NBP
AF,gas,2035,18.9,UK_NBP
AF,gas,2040,18.92,UK_NBP
AF,gas,2045,18.76,UK_NBP
AF,gas,2050,19.02,UK_NBP
AL,gas,2020,9.37,Netherlands_TTF
AL,gas,2025,24.37,Netherlands_TTF
AL,gas,2030,22.42,Netherlands_TTF
AL,gas,2035,22.28,Netherlands_TTF
AL,gas,2040,22.39,Netherlands_TTF
AL,gas,2045,22.53,Netherlands_TTF
AL,gas,2050,22.33,Netherlands_TTF
AM,gas,2020,9.49,UK_NBP
AM,gas,2025,23.91,UK_NBP
AM,gas,2030,19.56,UK_NBP
AM,gas,2035,18.9,UK_NBP
AM,gas,2040,18.92,UK_NBP
AM,gas,2045,18.76,UK_NBP
AM,gas,2050,19.02,UK_NBP
AO,gas,2020,5.96,Henry_Hub
AO,gas,2025,6.55,Henry_Hub
AO,gas,2030,9.66,Henry_Hub
AO,gas,2035,10.92,Henry_Hub
AO,gas,2040,11.44,Henry_Hub
AO,gas,2045,11.44,Henry_Hub
AO,gas,2050,11.65,Henry_Hub
AR,gas,2020,5.96,Henry_Hub
AR,gas,2025,6.55,Henry_Hub
AR,gas,2030,9.66,Henry_Hub
AR,gas,2035,10.92,Henry_Hub
AR,gas,2040,11.44,Henry_Hub
AR,gas,2045,11.44,Henry_Hub
AR,gas,2050,11.65,Henry_Hub
AT,gas,2020,9.37,Netherlands_TTF
AT,gas,2025,24.37,Netherlands_TTF
AT,gas,2030,22.42,Netherlands_TTF
AT,gas,2035,22.28,Netherlands_TTF
AT,gas,2040,22.39,Netherlands_TTF
AT,gas,2045,22.53,Netherlands_TTF
AT,gas,2050,22.33,Netherlands_TTF
AU,gas,2020,5.96,Henry_Hub
AU,gas,2025,6.55,Henry_Hub
AU,gas,2030,9.66,Henry_Hub
AU,gas,2035,10.92,Henry_Hub
AU,gas,2040,11.44,Henry_Hub
AU,gas,2045,11.44,Henry_Hub
AU,gas,2050,11.65,Henry_Hub
AZ,gas,2020,5.96,Henry_Hub
AZ,gas,2025,6.55,Henry_Hub
AZ,gas,2030,9.66,Henry_Hub
AZ,gas,2035,10.92,Henry_Hub
AZ,gas,2040,11.44,Henry_Hub
AZ,gas,2045,11.44,Henry_Hub
AZ,gas,2050,11.65,Henry_Hub
BA,gas,2020,9.37,Netherlands_TTF
BA,gas,2025,24.37,Netherlands_TTF
BA,gas,2030,22.42,Netherlands_TTF
BA,gas,2035,22.28,Netherlands_TTF
BA,gas,2040,22.39,Netherlands_TTF
BA,gas,2045,22.53,Netherlands_TTF
BA,gas,2050,22.33,Netherlands_TTF
BD,gas,2020,9.49,UK_NBP
BD,gas,2025,23.91,UK_NBP
BD,gas,2030,19.56,UK_NBP
BD,gas,2035,18.9,UK_NBP
BD,gas,2040,18.92,UK_NBP
BD,gas,2045,18.76,UK_NBP
BD,gas,2050,19.02,UK_NBP
BE,gas,2020,9.19,Zeebrugge
BE,gas,2025,24.32,Zeebrugge
BE,gas,2030,21.99,Zeebrugge
BE,gas,2035,21.95,Zeebrugge
BE,gas,2040,21.96,Zeebrugge
BE,gas,2045,21.98,Zeebrugge
BE,gas,2050,21.82,Zeebrugge
BF,gas,2020,5.96,Henry_Hub
BF,gas,2025,6.55,Henry_Hub
BF,gas,2030,9.66,Henry_Hub
BF,gas,2035,10.92,Henry_Hub
BF,gas,2040,11.44,Henry_Hub
BF,gas,2045,11.44,Henry_Hub
BF,gas,2050,11.65,Henry_Hub
BG,gas,2020,9.37,Netherlands_TTF
BG,gas,2025,24.37,Netherlands_TTF
BG,gas,2030,22.42,Netherlands_TTF
BG,gas,2035,22.28,Netherlands_TTF
BG,gas,2040,22.39,Netherlands_TTF
BG,gas,2045,22.53,Netherlands_TTF
BG,gas,2050,22.33,Netherlands_TTF
BH,gas,2020,5.96,Henry_Hub
BH,gas,2025,6.55,Henry_Hub
BH,gas,2030,9.66,Henry_Hub
BH,gas,2035,10.92,Henry_Hub
BH,gas,2040,11.44,Henry_Hub
BH,gas,2045,11.44,Henry_Hub
BH,gas,2050,11.65,Henry_Hub
BI,gas,2020,5.96,Henry_Hub
BI,gas,2025,6.55,Henry_Hub
BI,gas,2030,9.66,Henry_Hub
BI,gas,2035,10.92,Henry_Hub
BI,gas,2040,11.44,Henry_Hub
BI,gas,2045,11.44,Henry_Hub
BI,gas,2050,11.65,Henry_Hub
BJ,gas,2020,5.96,Henry_Hub
BJ,gas,2025,6.55,Henry_Hub
BJ,gas,2030,9.66,Henry_Hub
BJ,gas,2035,10.92,Henry_Hub
BJ,gas,2040,11.44,Henry_Hub
BJ,gas,2045,11.44,Henry_Hub
BJ,gas,2050,11.65,Henry_Hub
BN,gas,2020,5.96,Henry_Hub
BN,gas,2025,6.55,Henry_Hub
BN,gas,2030,9.66,Henry_Hub
BN,gas,2035,10.92,Henry_Hub
BN,gas,2040,11.44,Henry_Hub
BN,gas,2045,11.44,Henry_Hub
BN,gas,2050,11.65,Henry_Hub
BO,gas,2020,5.96,Henry_Hub
BO,gas,2025,6.55,Henry_Hub
BO,gas,2030,9.66,Henry_Hub
BO,gas,2035,10.92,Henry_Hub
BO,gas,2040,11.44,Henry_Hub
BO,gas,2045,11.44,Henry_Hub
BO,gas,2050,11.65,Henry_Hub
BR,gas,2020,5.96,Henry_Hub
BR,gas,2025,6.55,Henry_Hub
BR,gas,2030,9.66,Henry_Hub
BR,gas,2035,10.92,Henry_Hub
BR,gas,2040,11.44,Henry_Hub
BR,gas,2045,11.44,Henry_Hub
BR,gas,2050,11.65,Henry_Hub
BS,gas,2020,5.96,Henry_Hub
BS,gas,2025,6.55,Henry_Hub
BS,gas,2030,9.66,Henry_Hub
BS,gas,2035,10.92,Henry_Hub
BS,gas,2040,11.44,Henry_Hub
BS,gas,2045,11.44,Henry_Hub
BS,gas,2050,11.65,Henry_Hub
BT,gas,2020,9.49,UK_NBP
BT,gas,2025,23.91,UK_NBP
BT,gas,2030,19.56,UK_NBP
BT,gas,2035,18.9,UK_NBP
BT,gas,2040,18.92,UK_NBP
BT,gas,2045,18.76,UK_NBP
BT,gas,2050,19.02,UK_NBP
BW,gas,2020,5.96,Henry_Hub
BW,gas,2025,6.55,Henry_Hub
BW,gas,2030,9.66,Henry_Hub
BW,gas,2035,10.92,Henry_Hub
BW,gas,2040,11.44,Henry_Hub
BW,gas,2045,11.44,Henry_Hub
BW,gas,2050,11.65,Henry_Hub
BY,gas,2020,9.37,Netherlands_TTF
BY,gas,2025,24.37,Netherlands_TTF
BY,gas,2030,22.42,Netherlands_TTF
BY,gas,2035,22.28,Netherlands_TTF
BY,gas,2040,22.39,Netherlands_TTF
BY,gas,2045,22.53,Netherlands_TTF
BY,gas,2050,22.33,Netherlands_TTF
BZ,gas,2020,5.96,Henry_Hub
BZ,gas,2025,6.55,Henry_Hub
BZ,gas,2030,9.66,Henry_Hub
BZ,gas,2035,10.92,Henry_Hub
BZ,gas,2040,11.44,Henry_Hub
BZ,gas,2045,11.44,Henry_Hub
BZ,gas,2050,11.65,Henry_Hub
CA,gas,2020,5.96,Henry_Hub
CA,gas,2025,6.55,Henry_Hub
CA,gas,2030,9.66,Henry_Hub
CA,gas,2035,10.92,Henry_Hub
CA,gas,2040,11.44,Henry_Hub
CA,gas,2045,11.44,Henry_Hub
CA,gas,2050,11.65,Henry_Hub
CD,gas,2020,5.96,Henry_Hub
CD,gas,2025,6.55,Henry_Hub
CD,gas,2030,9.66,Henry_Hub
CD,gas,2035,10.92,Henry_Hub
CD,gas,2040,11.44,Henry_Hub
CD,gas,2045,11.44,Henry_Hub
CD,gas,2050,11.65,Henry_Hub
CF,gas,2020,5.96,Henry_Hub
CF,gas,2025,6.55,Henry_Hub
CF,gas,2030,9.66,Henry_Hub
CF,gas,2035,10.92,Henry_Hub
CF,gas,2040,11.44,Henry_Hub
CF,gas,2045,11.44,Henry_Hub
CF,gas,2050,11.65,Henry_Hub
CG,gas,2020,5.96,Henry_Hub
CG,gas,2025,6.55,Henry_Hub
CG,gas,2030,9.66,Henry_Hub
CG,gas,2035,10.92,Henry_Hub
CG,gas,2040,11.44,Henry_Hub
CG,gas,2045,11.44,Henry_Hub
CG,gas,2050,11.65,Henry_Hub
CH,gas,2020,9.37,Netherlands_TTF
CH,gas,2025,24.37,Netherlands_TTF
CH,gas,2030,22.42,Netherlands_TTF
CH,gas,2035,22.28,Netherlands_TTF
CH,gas,2040,22.39,Netherlands_TTF
CH,gas,2045,22.53,Netherlands_TTF
CH,gas,2050,22.33,Netherlands_TTF
CI,gas,2020,5.96,Henry_Hub
CI,gas,2025,6.55,Henry_Hub
CI,gas,2030,9.66,Henry_Hub
CI,gas,2035,10.92,Henry_Hub
CI,gas,2040,11.44,Henry_Hub
CI,gas,2045,11.44,Henry_Hub
CI,gas,2050,11.65,Henry_Hub
CL,gas,2020,5.96,Henry_Hub
CL,gas,2025,6.55,Henry_Hub
CL,gas,2030,9.66,Henry_Hub
CL,gas,2035,10.92,Henry_Hub
CL,gas,2040,11.44,Henry_Hub
CL,gas,2045,11.44,Henry_Hub
CL,gas,2050,11.65,Henry_Hub
CM,gas,2020,5.96,Henry_Hub
CM,gas,2025,6.55,Henry_Hub
CM,gas,2030,9.66,Henry_Hub
CM,gas,2035,10.92,Henry_Hub
CM,gas,2040,11.44,Henry_Hub
CM,gas,2045,11.44,Henry_Hub
CM,gas,2050,11.65,Henry_Hub
CN,gas,2020,9.49,UK_NBP
CN,gas,2025,23.91,UK_NBP
CN,gas,2030,19.56,UK_NBP
CN,gas,2035,18.9,UK_NBP
CN,gas,2040,18.92,UK_NBP
CN,gas,2045,18.76,UK_NBP
CN,gas,2050,19.02,UK_NBP
CO,gas,2020,5.96,Henry_Hub
CO,gas,2025,6.55,Henry_Hub
CO,gas,2030,9.66,Henry_Hub
CO,gas,2035,10.92,Henry_Hub
CO,gas,2040,11.44,Henry_Hub
CO,gas,2045,11.44,Henry_Hub
CO,gas,2050,11.65,Henry_Hub
CR,gas,2020,5.96,Henry_Hub
CR,gas,2025,6.55,Henry_Hub
CR,gas,2030,9.66,Henry_Hub
CR,gas,2035,10.92,Henry_Hub
CR,gas,2040,11.44,Henry_Hub
CR,gas,2045,11.44,Henry_Hub
CR,gas,2050,11.65,Henry_Hub
CU,gas,2020,5.96,Henry_Hub
CU,gas,2025,6.55,Henry_Hub
CU,gas,2030,9.66,Henry_Hub
CU,gas,2035,10.92,Henry_Hub
CU,gas,2040,11.44,Henry_Hub
CU,gas,2045,11.44,Henry_Hub
CU,gas,2050,11.65,Henry_Hub
CY,gas,2020,9.37,Netherlands_TTF
CY,gas,2025,24.37,Netherlands_TTF
CY,gas,2030,22.42,Netherlands_TTF
CY,gas,2035,22.28,Netherlands_TTF
CY,gas,2040,22.39,Netherlands_TTF
CY,gas,2045,22.53,Netherlands_TTF
CY,gas,2050,22.33,Netherlands_TTF
CZ,gas,2020,9.37,Netherlands_TTF
CZ,gas,2025,24.37,Netherlands_TTF
CZ,gas,2030,22.42,Netherlands_TTF
CZ,gas,2035,22.28,Netherlands_TTF
CZ,gas,2040,22.39,Netherlands_TTF
CZ,gas,2045,22.53,Netherlands_TTF
CZ,gas,2050,22.33,Netherlands_TTF
DE,gas,2020,9.37,Netherlands_TTF
DE,gas,2025,24.37,Netherlands_TTF
DE,gas,2030,22.42,Netherlands_TTF
DE,gas,2035,22.28,Netherlands_TTF
DE,gas,2040,22.39,Netherlands_TTF
DE,gas,2045,22.53,Netherlands_TTF
DE,gas,2050,22.33,Netherlands_TTF
DJ,gas,2020,5.96,Henry_Hub
DJ,gas,2025,6.55,Henry_Hub
DJ,gas,2030,9.66,Henry_Hub
DJ,gas,2035,10.92,Henry_Hub
DJ,gas,2040,11.44,Henry_Hub
DJ,gas,2045,11.44,Henry_Hub
DJ,gas,2050,11.65,Henry_Hub
DK,gas,2020,9.37,Netherlands_TTF
DK,gas,2025,24.37,Netherlands_TTF
DK,gas,2030,22.42,Netherlands_TTF
DK,gas,2035,22.28,Netherlands_TTF
DK,gas,2040,22.39,Netherlands_TTF
DK,gas,2045,22.53,Netherlands_TTF
DK,gas,2050,22.33,Netherlands_TTF
DO,gas,2020,5.96,Henry_Hub
DO,gas,2025,6.55,Henry_Hub
DO,gas,2030,9.66,Henry_Hub
DO,gas,2035,10.92,Henry_Hub
DO,gas,2040,11.44,Henry_Hub
DO,gas,2045,11.44,Henry_Hub
DO,gas,2050,11.65,Henry_Hub
DZ,gas,2020,5.96,Henry_Hub
DZ,gas,2025,6.55,Henry_Hub
DZ,gas,2030,9.66,Henry_Hub
DZ,gas,2035,10.92,Henry_Hub
DZ,gas,2040,11.44,Henry_Hub
DZ,gas,2045,11.44,Henry_Hub
DZ,gas,2050,11.65,Henry_Hub
EC,gas,2020,5.96,Henry_Hub
EC,gas,2025,6.55,Henry_Hub
EC,gas,2030,9.66,Henry_Hub
EC,gas,2035,10.92,Henry_Hub
EC,gas,2040,11.44,Henry_Hub
EC,gas,2045,11.44,Henry_Hub
EC,gas,2050,11.65,Henry_Hub
EE,gas,2020,9.37,Netherlands_TTF
EE,gas,2025,24.37,Netherlands_TTF
EE,gas,2030,22.42,Netherlands_TTF
EE,gas,2035,22.28,Netherlands_TTF
EE,gas,2040,22.39,Netherlands_TTF
EE,gas,2045,22.53,Netherlands_TTF
EE,gas,2050,22.33,Netherlands_TTF
EG,gas,2020,5.96,Henry_Hub
EG,gas,2025,6.55,Henry_Hub
EG,gas,2030,9.66,Henry_Hub
EG,gas,2035,10.92,Henry_Hub
EG,gas,2040,11.44,Henry_Hub
EG,gas,2045,11.44,Henry_Hub
EG,gas,2050,11.65,Henry_Hub
EH,gas,2020,5.96,Henry_Hub
EH,gas,2025,6.55,Henry_Hub
EH,gas,2030,9.66,Henry_Hub
EH,gas,2035,10.92,Henry_Hub
EH,gas,2040,11.44,Henry_Hub
EH,gas,2045,11.44,Henry_Hub
EH,gas,2050,11.65,Henry_Hub
ER,gas,2020,5.96,Henry_Hub
ER,gas,2025,6.55,Henry_Hub
ER,gas,2030,9.66,Henry_Hub
ER,gas,2035,10.92,Henry_Hub
ER,gas,2040,11.44,Henry_Hub
ER,gas,2045,11.44,Henry_Hub
ER,gas,2050,11.65,Henry_Hub
ES,gas,2020,9.37,Netherlands_TTF
ES,gas,2025,24.37,Netherlands_TTF
ES,gas,2030,22.42,Netherlands_TTF
ES,gas,2035,22.28,Netherlands_TTF
ES,gas,2040,22.39,Netherlands_TTF
ES,gas,2045,22.53,Netherlands_TTF
ES,gas,2050,22.33,Netherlands_TTF
ET,gas,2020,5.96,Henry_Hub
ET,gas,2025,6.55,Henry_Hub
ET,gas,2030,9.66,Henry_Hub
ET,gas,2035,10.92,Henry_Hub
ET,gas,2040,11.44,Henry_Hub
ET,gas,2045,11.44,Henry_Hub
ET,gas,2050,11.65,Henry_Hub
FI,gas,2020,9.37,Netherlands_TTF
FI,gas,2025,24.37,Netherlands_TTF
FI,gas,2030,22.42,Netherlands_TTF
FI,gas,2035,22.28,Netherlands_TTF
FI,gas,2040,22.39,Netherlands_TTF
FI,gas,2045,22.53,Netherlands_TTF
FI,gas,2050,22.33,Netherlands_TTF
FR,gas,2020,9.37,Netherlands_TTF
FR,gas,2025,24.37,Netherlands_TTF
FR,gas,2030,22.42,Netherlands_TTF
FR,gas,2035,22.28,Netherlands_TTF
FR,gas,2040,22.39,Netherlands_TTF
FR,gas,2045,22.53,Netherlands_TTF
FR,gas,2050,22.33,Netherlands_TTF
GA,gas,2020,5.96,Henry_Hub
GA,gas,2025,6.55,Henry_Hub
GA,gas,2030,9.66,Henry_Hub
GA,gas,2035,10.92,Henry_Hub
GA,gas,2040,11.44,Henry_Hub
GA,gas,2045,11.44,Henry_Hub
GA,gas,2050,11.65,Henry_Hub
GB,gas,2020,9.49,UK_NBP
GB,gas,2025,23.91,UK_NBP
GB,gas,2030,19.56,UK_NBP
GB,gas,2035,18.9,UK_NBP
GB,gas,2040,18.92,UK_NBP
GB,gas,2045,18.76,UK_NBP
GB,gas,2050,19.02,UK_NBP
GE,gas,2020,9.49,UK_NBP
GE,gas,2025,23.91,UK_NBP
GE,gas,2030,19.56,UK_NBP
GE,gas,2035,18.9,UK_NBP
GE,gas,2040,18.92,UK_NBP
GE,gas,2045,18.76,UK_NBP
GE,gas,2050,19.02,UK_NBP
GF,gas,2020,5.96,Henry_Hub
GF,gas,2025,6.55,Henry_Hub
GF,gas,2030,9.66,Henry_Hub
GF,gas,2035,10.92,Henry_Hub
GF,gas,2040,11.44,Henry_Hub
GF,gas,2045,11.44,Henry_Hub
GF,gas,2050,11.65,Henry_Hub
GH,gas,2020,5.96,Henry_Hub
GH,gas,2025,6.55,Henry_Hub
GH,gas,2030,9.66,Henry_Hub
GH,gas,2035,10.92,Henry_Hub
GH,gas,2040,11.44,Henry_Hub
GH,gas,2045,11.44,Henry_Hub
GH,gas,2050,11.65,Henry_Hub
GL,gas,2020,9.37,Netherlands_TTF
GL,gas,2025,24.37,Netherlands_TTF
GL,gas,2030,22.42,Netherlands_TTF
GL,gas,2035,22.28,Netherlands_TTF
GL,gas,2040,22.39,Netherlands_TTF
GL,gas,2045,22.53,Netherlands_TTF
GL,gas,2050,22.33,Netherlands_TTF
GM,gas,2020,5.96,Henry_Hub
GM,gas,2025,6.55,Henry_Hub
GM,gas,2030,9.66,Henry_Hub
GM,gas,2035,10.92,Henry_Hub
GM,gas,2040,11.44,Henry_Hub
GM,gas,2045,11.44,Henry_Hub
GM,gas,2050,11.65,Henry_Hub
GN,gas,2020,5.96,Henry_Hub
GN,gas,2025,6.55,Henry_Hub
GN,gas,2030,9.66,Henry_Hub
GN,gas,2035,10.92,Henry_Hub
GN,gas,2040,11.44,Henry_Hub
GN,gas,2045,11.44,Henry_Hub
GN,gas,2050,11.65,Henry_Hub
GQ,gas,2020,5.96,Henry_Hub
GQ,gas,2025,6.55,Henry_Hub
GQ,gas,2030,9.66,Henry_Hub
GQ,gas,2035,10.92,Henry_Hub
GQ,gas,2040,11.44,Henry_Hub
GQ,gas,2045,11.44,Henry_Hub
GQ,gas,2050,11.65,Henry_Hub
GR,gas,2020,9.37,Netherlands_TTF
GR,gas,2025,24.37,Netherlands_TTF
GR,gas,2030,22.42,Netherlands_TTF
GR,gas,2035,22.28,Netherlands_TTF
GR,gas,2040,22.39,Netherlands_TTF
GR,gas,2045,22.53,Netherlands_TTF
GR,gas,2050,22.33,Netherlands_TTF
GT,gas,2020,5.96,Henry_Hub
GT,gas,2025,6.55,Henry_Hub
GT,gas,2030,9.66,Henry_Hub
GT,gas,2035,10.92,Henry_Hub
GT,gas,2040,11.44,Henry_Hub
GT,gas,2045,11.44,Henry_Hub
GT,gas,2050,11.65,Henry_Hub
GW,gas,2020,5.96,Henry_Hub
GW,gas,2025,6.55,Henry_Hub
GW,gas,2030,9.66,Henry_Hub
GW,gas,2035,10.92,Henry_Hub
GW,gas,2040,11.44,Henry_Hub
GW,gas,2045,11.44,Henry_Hub
GW,gas,2050,11.65,Henry_Hub
GY,gas,2020,5.96,Henry_Hub
GY,gas,2025,6.55,Henry_Hub
GY,gas,2030,9.66,Henry_Hub
GY,gas,2035,10.92,Henry_Hub
GY,gas,2040,11.44,Henry_Hub
GY,gas,2045,11.44,Henry_Hub
GY,gas,2050,11.65,Henry_Hub
HN,gas,2020,5.96,Henry_Hub
HN,gas,2025,6.55,Henry_Hub
HN,gas,2030,9.66,Henry_Hub
HN,gas,2035,10.92,Henry_Hub
HN,gas,2040,11.44,Henry_Hub
HN,gas,2045,11.44,Henry_Hub
HN,gas,2050,11.65,Henry_Hub
HR,gas,2020,9.37,Netherlands_TTF
HR,gas,2025,24.37,Netherlands_TTF
HR,gas,2030,22.42,Netherlands_TTF
HR,gas,2035,22.28,Netherlands_TTF
HR,gas,2040,22.39,Netherlands_TTF
HR,gas,2045,22.53,Netherlands_TTF
HR,gas,2050,22.33,Netherlands_TTF
HT,gas,2020,5.96,Henry_Hub
HT,gas,2025,6.55,Henry_Hub
HT,gas,2030,9.66,Henry_Hub
HT,gas,2035,10.92,Henry_Hub
HT,gas,2040,11.44,Henry_Hub
HT,gas,2045,11.44,Henry_Hub
HT,gas,2050,11.65,Henry_Hub
HU,gas,2020,9.37,Netherlands_TTF
HU,gas,2025,24.37,Netherlands_TTF
HU,gas,2030,22.42,Netherlands_TTF
HU,gas,2035,22.28,Netherlands_TTF
HU,gas,2040,22.39,Netherlands_TTF
HU,gas,2045,22.53,Netherlands_TTF
HU,gas,2050,22.33,Netherlands_TTF
ID,gas,2020,5.96,Henry_Hub
ID,gas,2025,6.55,Henry_Hub
ID,gas,2030,9.66,Henry_Hub
ID,gas,2035,10.92,Henry_Hub
ID,gas,2040,11.44,Henry_Hub
ID,gas,2045,11.44,Henry_Hub
ID,gas,2050,11.65,Henry_Hub
IE,gas,2020,9.49,UK_NBP
IE,gas,2025,23.91,UK_NBP
IE,gas,2030,19.56,UK_NBP
IE,gas,2035,18.9,UK_NBP
IE,gas,2040,18.92,UK_NBP
IE,gas,2045,18.76,UK_NBP
IE,gas,2050,19.02,UK_NBP
IL,gas,2020,5.96,Henry_Hub
IL,gas,2025,6.55,Henry_Hub
IL,gas,2030,9.66,Henry_Hub
IL,gas,2035,10.92,Henry_Hub
IL,gas,2040,11.44,Henry_Hub
IL,gas,2045,11.44,Henry_Hub
IL,gas,2050,11.65,Henry_Hub
IN,gas,2020,9.49,UK_NBP
IN,gas,2025,23.91,UK_NBP
IN,gas,2030,19.56,UK_NBP
IN,gas,2035,18.9,UK_NBP
IN,gas,2040,18.92,UK_NBP
IN,gas,2045,18.76,UK_NBP
IN,gas,2050,19.02,UK_NBP
IQ,gas,2020,5.96,Henry_Hub
IQ,gas,2025,6.55,Henry_Hub
IQ,gas,2030,9.66,Henry_Hub
IQ,gas,2035,10.92,Henry_Hub
IQ,gas,2040,11.44,Henry_Hub
IQ,gas,2045,11.44,Henry_Hub
IQ,gas,2050,11.65,Henry_Hub
IR,gas,2020,5.96,Henry_Hub
IR,gas,2025,6.55,Henry_Hub
IR,gas,2030,9.66,Henry_Hub
IR,gas,2035,10.92,Henry_Hub
IR,gas,2040,11.44,Henry_Hub
IR,gas,2045,11.44,Henry_Hub
IR,gas,2050,11.65,Henry_Hub
IS,gas,2020,9.37,Netherlands_TTF
IS,gas,2025,24.37,Netherlands_TTF
IS,gas,2030,22.42,Netherlands_TTF
IS,gas,2035,22.28,Netherlands_TTF
IS,gas,2040,22.39,Netherlands_TTF
IS,gas,2045,22.53,Netherlands_TTF
IS,gas,2050,22.33,Netherlands_TTF
IT,gas,2020,9.37,Netherlands_TTF
IT,gas,2025,24.37,Netherlands_TTF
IT,gas,2030,22.42,Netherlands_TTF
IT,gas,2035,22.28,Netherlands_TTF
IT,gas,2040,22.39,Netherlands_TTF
IT,gas,2045,22.53,Netherlands_TTF
IT,gas,2050,22.33,Netherlands_TTF
JM,gas,2020,5.96,Henry_Hub
JM,gas,2025,6.55,Henry_Hub
JM,gas,2030,9.66,Henry_Hub
JM,gas,2035,10.92,Henry_Hub
JM,gas,2040,11.44,Henry_Hub
JM,gas,2045,11.44,Henry_Hub
JM,gas,2050,11.65,Henry_Hub
JO,gas,2020,5.96,Henry_Hub
JO,gas,2025,6.55,Henry_Hub
JO,gas,2030,9.66,Henry_Hub
JO,gas,2035,10.92,Henry_Hub
JO,gas,2040,11.44,Henry_Hub
JO,gas,2045,11.44,Henry_Hub
JO,gas,2050,11.65,Henry_Hub
JP,gas,2020,9.49,UK_NBP
JP,gas,2025,23.91,UK_NBP
JP,gas,2030,19.56,UK_NBP
JP,gas,2035,18.9,UK_NBP
JP,gas,2040,18.92,UK_NBP
JP,gas,2045,18.76,UK_NBP
JP,gas,2050,19.02,UK_NBP
KE,gas,2020,5.96,Henry_Hub
KE,gas,2025,6.55,Henry_Hub
KE,gas,2030,9.66,Henry_Hub
KE,gas,2035,10.92,Henry_Hub
KE,gas,2040,11.44,Henry_Hub
KE,gas,2045,11.44,Henry_Hub
KE,gas,2050,11.65,Henry_Hub
KG,gas,2020,5.96,Henry_Hub
KG,gas,2025,6.55,Henry_Hub
KG,gas,2030,9.66,Henry_Hub
KG,gas,2035,10.92,Henry_Hub
KG,gas,2040,11.44,Henry_Hub
KG,gas,2045,11.44,Henry_Hub
KG,gas,2050,11.65,Henry_Hub
KH,gas,2020,9.49,UK_NBP
KH,gas,2025,23.91,UK_NBP
KH,gas,2030,19.56,UK_NBP
KH,gas,2035,18.9,UK_NBP
KH,gas,2040,18.92,UK_NBP
KH,gas,2045,18.76,UK_NBP
KH,gas,2050,19.02,UK_NBP
KP,gas,2020,9.49,UK_NBP
KP,gas,2025,23.91,UK_NBP
KP,gas,2030,19.56,UK_NBP
KP,gas,2035,18.9,UK_NBP
KP,gas,2040,18.92,UK_NBP
KP,gas,2045,18.76,UK_NBP
KP,gas,2050,19.02,UK_NBP
KR,gas,2020,9.49,UK_NBP
KR,gas,2025,23.91,UK_NBP
KR,gas,2030,19.56,UK_NBP
KR,gas,2035,18.9,UK_NBP
KR,gas,2040,18.92,UK_NBP
KR,gas,2045,18.76,UK_NBP
KR,gas,2050,19.02,UK_NBP
KW,gas,2020,5.96,Henry_Hub
KW,gas,2025,6.55,Henry_Hub
KW,gas,2030,9.66,Henry_Hub
KW,gas,2035,10.92,Henry_Hub
KW,gas,2040,11.44,Henry_Hub
KW,gas,2045,11.44,Henry_Hub
KW,gas,2050,11.65,Henry_Hub
KZ,gas,2020,5.96,Henry_Hub
KZ,gas,2025,6.55,Henry_Hub
KZ,gas,2030,9.66,Henry_Hub
KZ,gas,2035,10.92,Henry_Hub
KZ,gas,2040,11.44,Henry_Hub
KZ,gas,2045,11.44,Henry_Hub
KZ,gas,2050,11.65,Henry_Hub
LA,gas,2020,9.49,UK_NBP
LA,gas,2025,23.91,UK_NBP
LA,gas,2030,19.56,UK_NBP
LA,gas,2035,18.9,UK_NBP
LA,gas,2040,18.92,UK_NBP
LA,gas,2045,18.76,UK_NBP
LA,gas,2050,19.02,UK_NBP
LB,gas,2020,5.96,Henry_Hub
LB,gas,2025,6.55,Henry_Hub
LB,gas,2030,9.66,Henry_Hub
LB,gas,2035,10.92,Henry_Hub
LB,gas,2040,11.44,Henry_Hub
LB,gas,2045,11.44,Henry_Hub
LB,gas,2050,11.65,Henry_Hub
LK,gas,2020,9.49,UK_NBP
LK,gas,2025,23.91,UK_NBP
LK,gas,2030,19.56,UK_NBP
LK,gas,2035,18.9,UK_NBP
LK,gas,2040,18.92,UK_NBP
LK,gas,2045,18.76,UK_NBP
LK,gas,2050,19.02,UK_NBP
LR,gas,2020,5.96,Henry_Hub
LR,gas,2025,6.55,Henry_Hub
LR,gas,2030,9.66,Henry_Hub
LR,gas,2035,10.92,Henry_Hub
LR,gas,2040,11.44,Henry_Hub
LR,gas,2045,11.44,Henry_Hub
LR,gas,2050,11.65,Henry_Hub
LS,gas,2020,5.96,Henry_Hub
LS,gas,2025,6.55,Henry_Hub
LS,gas,2030,9.66,Henry_Hub
LS,gas,2035,10.92,Henry_Hub
LS,gas,2040,11.44,Henry_Hub
LS,gas,2045,11.44,Henry_Hub
LS,gas,2050,11.65,Henry_Hub
LT,gas,2020,9.37,Netherlands_TTF
LT,gas,2025,24.37,Netherlands_TTF
LT,gas,2030,22.42,Netherlands_TTF
LT,gas,2035,22.28,Netherlands_TTF
LT,gas,2040,22.39,Netherlands_TTF
LT,gas,2045,22.53,Netherlands_TTF
LT,gas,2050,22.33,Netherlands_TTF
LU,gas,2020,9.37,Netherlands_TTF
LU,gas,2025,24.37,Netherlands_TTF
LU,gas,2030,22.42,Netherlands_TTF
LU,gas,2035,22.28,Netherlands_TTF
LU,gas,2040,22.39,Netherlands_TTF
LU,gas,2045,22.53,Netherlands_TTF
LU,gas,2050,22.33,Netherlands_TTF
LV,gas,2020,9.37,Netherlands_TTF
LV,gas,2025,24.37,Netherlands_TTF
LV,gas,2030,22.42,Netherlands_TTF
LV,gas,2035,22.28,Netherlands_TTF
LV,gas,2040,22.39,Netherlands_TTF
LV,gas,2045,22.53,Netherlands_TTF
LV,gas,2050,22.33,Netherlands_TTF
LY,gas,2020,5.96,Henry_Hub
LY,gas,2025,6.55,Henry_Hub
LY,gas,2030,9.66,Henry_Hub
LY,gas,2035,10.92,Henry_Hub
LY,gas,2040,11.44,Henry_Hub
LY,gas,2045,11.44,Henry_Hub
LY,gas,2050,11.65,Henry_Hub
MA,gas,2020,5.96,Henry_Hub
MA,gas,2025,6.55,Henry_Hub
MA,gas,2030,9.66,Henry_Hub
MA,gas,2035,10.92,Henry_Hub
MA,gas,2040,11.44,Henry_Hub
MA,gas,2045,11.44,Henry_Hub
MA,gas,2050,11.65,Henry_Hub
MD,gas,2020,9.37,Netherlands_TTF
MD,gas,2025,24.37,Netherlands_TTF
MD,gas,2030,22.42,Netherlands_TTF
MD,gas,2035,22.28,Netherlands_TTF
MD,gas,2040,22.39,Netherlands_TTF
MD,gas,2045,22.53,Netherlands_TTF
MD,gas,2050,22.33,Netherlands_TTF
ME,gas,2020,9.37,Netherlands_TTF
ME,gas,2025,24.37,Netherlands_TTF
ME,gas,2030,22.42,Netherlands_TTF
ME,gas,2035,22.28,Netherlands_TTF
ME,gas,2040,22.39,Netherlands_TTF
ME,gas,2045,22.53,Netherlands_TTF
ME,gas,2050,22.33,Netherlands_TTF
MG,gas,2020,5.96,Henry_Hub
MG,gas,2025,6.55,Henry_Hub
MG,gas,2030,9.66,Henry_Hub
MG,gas,2035,10.92,Henry_Hub
MG,gas,2040,11.44,Henry_Hub
MG,gas,2045,11.44,Henry_Hub
MG,gas,2050,11.65,Henry_Hub
MK,gas,2020,9.37,Netherlands_TTF
MK,gas,2025,24.37,Netherlands_TTF
MK,gas,2030,22.42,Netherlands_TTF
MK,gas,2035,22.28,Netherlands_TTF
MK,gas,2040,22.39,Netherlands_TTF
MK,gas,2045,22.53,Netherlands_TTF
MK,gas,2050,22.33,Netherlands_TTF
ML,gas,2020,5.96,Henry_Hub
ML,gas,2025,6.55,Henry_Hub
ML,gas,2030,9.66,Henry_Hub
ML,gas,2035,10.92,Henry_Hub
ML,gas,2040,11.44,Henry_Hub
ML,gas,2045,11.44,Henry_Hub
ML,gas,2050,11.65,Henry_Hub
MM,gas,2020,9.49,UK_NBP
MM,gas,2025,23.91,UK_NBP
MM,gas,2030,19.56,UK_NBP
MM,gas,2035,18.9,UK_NBP
MM,gas,2040,18.92,UK_NBP
MM,gas,2045,18.76,UK_NBP
MM,gas,2050,19.02,UK_NBP
MN,gas,2020,9.49,UK_NBP
MN,gas,2025,23.91,UK_NBP
MN,gas,2030,19.56,UK_NBP
MN,gas,2035,18.9,UK_NBP
MN,gas,2040,18.92,UK_NBP
MN,gas,2045,18.76,UK_NBP
MN,gas,2050,19.02,UK_NBP
MR,gas,2020,5.96,Henry_Hub
MR,gas,2025,6.55,Henry_Hub
MR,gas,2030,9.66,Henry_Hub
MR,gas,2035,10.92,Henry_Hub
MR,gas,2040,11.44,Henry_Hub
MR,gas,2045,11.44,Henry_Hub
MR,gas,2050,11.65,Henry_Hub
MT,gas,2020,9.37,Netherlands_TTF
MT,gas,2025,24.37,Netherlands_TTF
MT,gas,2030,22.42,Netherlands_TTF
MT,gas,2035,22.28,Netherlands_TTF
MT,gas,2040,22.39,Netherlands_TTF
MT,gas,2045,22.53,Netherlands_TTF
MT,gas,2050,22.33,Netherlands_TTF
MW,gas,2020,5.96,Henry_Hub
MW,gas,2025,6.55,Henry_Hub
MW,gas,2030,9.66,Henry_Hub
MW,gas,2035,10.92,Henry_Hub
MW,gas,2040,11.44,Henry_Hub
MW,gas,2045,11.44,Henry_Hub
MW,gas,2050,11.65,Henry_Hub
MX,gas,2020,5.96,Henry_Hub
MX,gas,2025,6.55,Henry_Hub
MX,gas,2030,9.66,Henry_Hub
MX,gas,2035,10.92,Henry_Hub
MX,gas,2040,11.44,Henry_Hub
MX,gas,2045,11.44,Henry_Hub
MX,gas,2050,11.65,Henry_Hub
MY,gas,2020,5.96,Henry_Hub
MY,gas,2025,6.55,Henry_Hub
MY,gas,2030,9.66,Henry_Hub
MY,gas,2035,10.92,Henry_Hub
MY,gas,2040,11.44,Henry_Hub
MY,gas,2045,11.44,Henry_Hub
MY,gas,2050,11.65,Henry_Hub
MZ,gas,2020,5.96,Henry_Hub
MZ,gas,2025,6.55,Henry_Hub
MZ,gas,2030,9.66,Henry_Hub
MZ,gas,2035,10.92,Henry_Hub
MZ,gas,2040,11.44,Henry_Hub
MZ,gas,2045,11.44,Henry_Hub
MZ,gas,2050,11.65,Henry_Hub
NA,gas,2020,5.96,Henry_Hub
NA,gas,2025,6.55,Henry_Hub
NA,gas,2030,9.66,Henry_Hub
NA,gas,2035,10.92,Henry_Hub
NA,gas,2040,11.44,Henry_Hub
NA,gas,2045,11.44,Henry_Hub
NA,gas,2050,11.65,Henry_Hub
NE,gas,2020,5.96,Henry_Hub
NE,gas,2025,6.55,Henry_Hub
NE,gas,2030,9.66,Henry_Hub
NE,gas,2035,10.92,Henry_Hub
NE,gas,2040,11.44,Henry_Hub
NE,gas,2045,11.44,Henry_Hub
NE,gas,2050,11.65,Henry_Hub
NG,gas,2020,5.96,Henry_Hub
NG,gas,2025,6.55,Henry_Hub
NG,gas,2030,9.66,Henry_Hub
NG,gas,2035,10.92,Henry_Hub
NG,gas,2040,11.44,Henry_Hub
NG,gas,2045,11.44,Henry_Hub
NG,gas,2050,11.65,Henry_Hub
NI,gas,2020,5.96,Henry_Hub
NI,gas,2025,6.55,Henry_Hub
NI,gas,2030,9.66,Henry_Hub
NI,gas,2035,10.92,Henry_Hub
NI,gas,2040,11.44,Henry_Hub
NI,gas,2045,11.44,Henry_Hub
NI,gas,2050,11.65,Henry_Hub
NL,gas,2020,9.37,Netherlands_TTF
NL,gas,2025,24.37,Netherlands_TTF
NL,gas,2030,22.42,Netherlands_TTF
NL,gas,2035,22.28,Netherlands_TTF
NL,gas,2040,22.39,Netherlands_TTF
NL,gas,2045,22.53,Netherlands_TTF
NL,gas,2050,22.33,Netherlands_TTF
NO,gas,2020,9.37,Netherlands_TTF
NO,gas,2025,24.37,Netherlands_TTF
NO,gas,2030,22.42,Netherlands_TTF
NO,gas,2035,22.28,Netherlands_TTF
NO,gas,2040,22.39,Netherlands_TTF
NO,gas,2045,22.53,Netherlands_TTF
NO,gas,2050,22.33,Netherlands_TTF
NP,gas,2020,9.49,UK_NBP
NP,gas,2025,23.91,UK_NBP
NP,gas,2030,19.56,UK_NBP
NP,gas,2035,18.9,UK_NBP
NP,gas,2040,18.92,UK_NBP
NP,gas,2045,18.76,UK_NBP
NP,gas,2050,19.02,UK_NBP
NZ,gas,2020,5.96,Henry_Hub
NZ,gas,2025,6.55,Henry_Hub
NZ,gas,2030,9.66,Henry_Hub
NZ,gas,2035,10.92,Henry_Hub
NZ,gas,2040,11.44,Henry_Hub
NZ,gas,2045,11.44,Henry_Hub
NZ,gas,2050,11.65,Henry_Hub
OM,gas,2020,5.96,Henry_Hub
OM,gas,2025,6.55,Henry_Hub
OM,gas,2030,9.66,Henry_Hub
OM,gas,2035,10.92,Henry_Hub
OM,gas,2040,11.44,Henry_Hub
OM,gas,2045,11.44,Henry_Hub
OM,gas,2050,11.65,Henry_Hub
PA,gas,2020,5.96,Henry_Hub
PA,gas,2025,6.55,Henry_Hub
PA,gas,2030,9.66,Henry_Hub
PA,gas,2035,10.92,Henry_Hub
PA,gas,2040,11.44,Henry_Hub
PA,gas,2045,11.44,Henry_Hub
PA,gas,2050,11.65,Henry_Hub
PE,gas,2020,5.96,Henry_Hub
PE,gas,2025,6.55,Henry_Hub
PE,gas,2030,9.66,Henry_Hub
PE,gas,2035,10.92,Henry_Hub
PE,gas,2040,11.44,Henry_Hub
PE,gas,2045,11.44,Henry_Hub
PE,gas,2050,11.65,Henry_Hub
PG,gas,2020,5.96,Henry_Hub
PG,gas,2025,6.55,Henry_Hub
PG,gas,2030,9.66,Henry_Hub
PG,gas,2035,10.92,Henry_Hub
PG,gas,2040,11.44,Henry_Hub
PG,gas,2045,11.44,Henry_Hub
PG,gas,2050,11.65,Henry_Hub
PH,gas,2020,9.49,UK_NBP
PH,gas,2025,23.91,UK_NBP
PH,gas,2030,19.56,UK_NBP
PH,gas,2035,18.9,UK_NBP
PH,gas,2040,18.92,UK_NBP
PH,gas,2045,18.76,UK_NBP
PH,gas,2050,19.02,UK_NBP
PK,gas,2020,9.49,UK_NBP
PK,gas,2025,23.91,UK_NBP
PK,gas,2030,19.56,UK_NBP
PK,gas,2035,18.9,UK_NBP
PK,gas,2040,18.92,UK_NBP
PK,gas,2045,18.76,UK_NBP
PK,gas,2050,19.02,UK_NBP
PL,gas,2020,9.37,Netherlands_TTF
PL,gas,2025,24.37,Netherlands_TTF
PL,gas,2030,22.42,Netherlands_TTF
PL,gas,2035,22.28,Netherlands_TTF
PL,gas,2040,22.39,Netherlands_TTF
PL,gas,2045,22.53,Netherlands_TTF
PL,gas,2050,22.33,Netherlands_TTF
PR,gas,2020,5.96,Henry_Hub
PR,gas,2025,6.55,Henry_Hub
PR,gas,2030,9.66,Henry_Hub
PR,gas,2035,10.92,Henry_Hub
PR,gas,2040,11.44,Henry_Hub
PR,gas,2045,11.44,Henry_Hub
PR,gas,2050,11.65,Henry_Hub
PS,gas,2020,5.96,Henry_Hub
PS,gas,2025,6.55,Henry_Hub
PS,gas,2030,9.66,Henry_Hub
PS,gas,2035,10.92,Henry_Hub
PS,gas,2040,11.44,Henry_Hub
PS,gas,2045,11.44,Henry_Hub
PS,gas,2050,11.65,Henry_Hub
PT,gas,2020,9.37,Netherlands_TTF
PT,gas,2025,24.37,Netherlands_TTF
PT,gas,2030,22.42,Netherlands_TTF
PT,gas,2035,22.28,Netherlands_TTF
PT,gas,2040,22.39,Netherlands_TTF
PT,gas,2045,22.53,Netherlands_TTF
PT,gas,2050,22.33,Netherlands_TTF
PY,gas,2020,5.96,Henry_Hub
PY,gas,2025,6.55,Henry_Hub
PY,gas,2030,9.66,Henry_Hub
PY,gas,2035,10.92,Henry_Hub
PY,gas,2040,11.44,Henry_Hub
PY,gas,2045,11.44,Henry_Hub
PY,gas,2050,11.65,Henry_Hub
QA,gas,2020,5.96,Henry_Hub
QA,gas,2025,6.55,Henry_Hub
QA,gas,2030,9.66,Henry_Hub
QA,gas,2035,10.92,Henry_Hub
QA,gas,2040,11.44,Henry_Hub
QA,gas,2045,11.44,Henry_Hub
QA,gas,2050,11.65,Henry_Hub
RO,gas,2020,9.37,Netherlands_TTF
RO,gas,2025,24.37,Netherlands_TTF
RO,gas,2030,22.42,Netherlands_TTF
RO,gas,2035,22.28,Netherlands_TTF
RO,gas,2040,22.39,Netherlands_TTF
RO,gas,2045,22.53,Netherlands_TTF
RO,gas,2050,22.33,Netherlands_TTF
RS,gas,2020,9.37,Netherlands_TTF
RS,gas,2025,24.37,Netherlands_TTF
RS,gas,2030,22.42,Netherlands_TTF
RS,gas,2035,22.28,Netherlands_TTF
RS,gas,2040,22.39,Netherlands_TTF
RS,gas,2045,22.53,Netherlands_TTF
RS,gas,2050,22.33,Netherlands_TTF
RU,gas,2020,5.96,Henry_Hub
RU,gas,2025,6.55,Henry_Hub
RU,gas,2030,9.66,Henry_Hub
RU,gas,2035,10.92,Henry_Hub
RU,gas,2040,11.44,Henry_Hub
RU,gas,2045,11.44,Henry_Hub
RU,gas,2050,11.65,Henry_Hub
RW,gas,2020,5.96,Henry_Hub
RW,gas,2025,6.55,Henry_Hub
RW,gas,2030,9.66,Henry_Hub
RW,gas,2035,10.92,Henry_Hub
RW,gas,2040,11.44,Henry_Hub
RW,gas,2045,11.44,Henry_Hub
RW,gas,2050,11.65,Henry_Hub
SA,gas,2020,5.96,Henry_Hub
SA,gas,2025,6.55,Henry_Hub
SA,gas,2030,9.66,Henry_Hub
SA,gas,2035,10.92,Henry_Hub
SA,gas,2040,11.44,Henry_Hub
SA,gas,2045,11.44,Henry_Hub
SA,gas,2050,11.65,Henry_Hub
SB,gas,2020,9.49,UK_NBP
SB,gas,2025,23.91,UK_NBP
SB,gas,2030,19.56,UK_NBP
SB,gas,2035,18.9,UK_NBP
SB,gas,2040,18.92,UK_NBP
SB,gas,2045,18.76,UK_NBP
SB,gas,2050,19.02,UK_NBP
SD,gas,2020,5.96,Henry_Hub
SD,gas,2025,6.55,Henry_Hub
SD,gas,2030,9.66,Henry_Hub
SD,gas,2035,10.92,Henry_Hub
SD,gas,2040,11.44,Henry_Hub
SD,gas,2045,11.44,Henry_Hub
SD,gas,2050,11.65,Henry_Hub
SE,gas,2020,9.37,Netherlands_TTF
SE,gas,2025,24.37,Netherlands_TTF
SE,gas,2030,22.42,Netherlands_TTF
SE,gas,2035,22.28,Netherlands_TTF
SE,gas,2040,22.39,Netherlands_TTF
SE,gas,2045,22.53,Netherlands_TTF
SE,gas,2050,22.33,Netherlands_TTF
SG,gas,2020,9.49,UK_NBP
SG,gas,2025,23.91,UK_NBP
SG,gas,2030,19.56,UK_NBP
SG,gas,2035,18.9,UK_NBP
SG,gas,2040,18.92,UK_NBP
SG,gas,2045,18.76,UK_NBP
SG,gas,2050,19.02,UK_NBP
SI,gas,2020,9.37,Netherlands_TTF
SI,gas,2025,24.37,Netherlands_TTF
SI,gas,2030,22.42,Netherlands_TTF
SI,gas,2035,22.28,Netherlands_TTF
SI,gas,2040,22.39,Netherlands_TTF
SI,gas,2045,22.53,Netherlands_TTF
SI,gas,2050,22.33,Netherlands_TTF
SK,gas,2020,9.37,Netherlands_TTF
SK,gas,2025,24.37,Netherlands_TTF
SK,gas,2030,22.42,Netherlands_TTF
SK,gas,2035,22.28,Netherlands_TTF
SK,gas,2040,22.39,Netherlands_TTF
SK,gas,2045,22.53,Netherlands_TTF
SK,gas,2050,22.33,Netherlands_TTF
SL,gas,2020,5.96,Henry_Hub
SL,gas,2025,6.55,Henry_Hub
SL,gas,2030,9.66,Henry_Hub
SL,gas,2035,10.92,Henry_Hub
SL,gas,2040,11.44,Henry_Hub
SL,gas,2045,11.44,Henry_Hub
SL,gas,2050,11.65,Henry_Hub
SN,gas,2020,5.96,Henry_Hub
SN,gas,2025,6.55,Henry_Hub
SN,gas,2030,9.66,Henry_Hub
SN,gas,2035,10.92,Henry_Hub
SN,gas,2040,11.44,Henry_Hub
SN,gas,2045,11.44,Henry_Hub
SN,gas,2050,11.65,Henry_Hub
SO,gas,2020,5.96,Henry_Hub
SO,gas,2025,6.55,Henry_Hub
SO,gas,2030,9.66,Henry_Hub
SO,gas,2035,10.92,Henry_Hub
SO,gas,2040,11.44,Henry_Hub
SO,gas,2045,11.44,Henry_Hub
SO,gas,2050,11.65,Henry_Hub
SR,gas,2020,5.96,Henry_Hub
SR,gas,2025,6.55,Henry_Hub
SR,gas,2030,9.66,Henry_Hub
SR,gas,2035,10.92,Henry_Hub
SR,gas,2040,11.44,Henry_Hub
SR,gas,2045,11.44,Henry_Hub
SR,gas,2050,11.65,Henry_Hub
SS,gas,2020,5.96,Henry_Hub
SS,gas,2025,6.55,Henry_Hub
SS,gas,2030,9.66,Henry_Hub
SS,gas,2035,10.92,Henry_Hub
SS,gas,2040,11.44,Henry_Hub
SS,gas,2045,11.44,Henry_Hub
SS,gas,2050,11.65,Henry_Hub
SV,gas,2020,5.96,Henry_Hub
SV,gas,2025,6.55,Henry_Hub
SV,gas,2030,9.66,Henry_Hub
SV,gas,2035,10.92,Henry_Hub
SV,gas,2040,11.44,Henry_Hub
SV,gas,2045,11.44,Henry_Hub
SV,gas,2050,11.65,Henry_Hub
SY,gas,2020,5.96,Henry_Hub
SY,gas,2025,6.55,Henry_Hub
SY,gas,2030,9.66,Henry_Hub
SY,gas,2035,10.92,Henry_Hub
SY,gas,2040,11.44,Henry_Hub
SY,gas,2045,11.44,Henry_Hub
SY,gas,2050,11.65,Henry_Hub
SZ,gas,2020,5.96,Henry_Hub
SZ,gas,2025,6.55,Henry_Hub
SZ,gas,2030,9.66,Henry_Hub
SZ,gas,2035,10.92,Henry_Hub
SZ,gas,2040,11.44,Henry_Hub
SZ,gas,2045,11.44,Henry_Hub
SZ,gas,2050,11.65,Henry_Hub
TD,gas,2020,5.96,Henry_Hub
TD,gas,2025,6.55,Henry_Hub
TD,gas,2030,9.66,Henry_Hub
TD,gas,2035,10.92,Henry_Hub
TD,gas,2040,11.44,Henry_Hub
TD,gas,2045,11.44,Henry_Hub
TD,gas,2050,11.65,Henry_Hub
TG,gas,2020,5.96,Henry_Hub
TG,gas,2025,6.55,Henry_Hub
TG,gas,2030,9.66,Henry_Hub
TG,gas,2035,10.92,Henry_Hub
TG,gas,2040,11.44,Henry_Hub
TG,gas,2045,11.44,Henry_Hub
TG,gas,2050,11.65,Henry_Hub
TH,gas,2020,9.49,UK_NBP
TH,gas,2025,23.91,UK_NBP
TH,gas,2030,19.56,UK_NBP
TH,gas,2035,18.9,UK_NBP
TH,gas,2040,18.92,UK_NBP
TH,gas,2045,18.76,UK_NBP
TH,gas,2050,19.02,UK_NBP
TJ,gas,2020,5.96,Henry_Hub
TJ,gas,2025,6.55,Henry_Hub
TJ,gas,2030,9.66,Henry_Hub
TJ,gas,2035,10.92,Henry_Hub
TJ,gas,2040,11.44,Henry_Hub
TJ,gas,2045,11.44,Henry_Hub
TJ,gas,2050,11.65,Henry_Hub
TL,gas,2020,9.49,UK_NBP
TL,gas,2025,23.91,UK_NBP
TL,gas,2030,19.56,UK_NBP
TL,gas,2035,18.9,UK_NBP
TL,gas,2040,18.92,UK_NBP
TL,gas,2045,18.76,UK_NBP
TL,gas,2050,19.02,UK_NBP
TM,gas,2020,5.96,Henry_Hub
TM,gas,2025,6.55,Henry_Hub
TM,gas,2030,9.66,Henry_Hub
TM,gas,2035,10.92,Henry_Hub
TM,gas,2040,11.44,Henry_Hub
TM,gas,2045,11.44,Henry_Hub
TM,gas,2050,11.65,Henry_Hub
TN,gas,2020,5.96,Henry_Hub
TN,gas,2025,6.55,Henry_Hub
TN,gas,2030,9.66,Henry_Hub
TN,gas,2035,10.92,Henry_Hub
TN,gas,2040,11.44,Henry_Hub
TN,gas,2045,11.44,Henry_Hub
TN,gas,2050,11.65,Henry_Hub
TR,gas,2020,9.49,UK_NBP
TR,gas,2025,23.91,UK_NBP
TR,gas,2030,19.56,UK_NBP
TR,gas,2035,18.9,UK_NBP
TR,gas,2040,18.92,UK_NBP
TR,gas,2045,18.76,UK_NBP
TR,gas,2050,19.02,UK_NBP
TT,gas,2020,5.96,Henry_Hub
TT,gas,2025,6.55,Henry_Hub
TT,gas,2030,9.66,Henry_Hub
TT,gas,2035,10.92,Henry_Hub
TT,gas,2040,11.44,Henry_Hub
TT,gas,2045,11.44,Henry_Hub
TT,gas,2050,11.65,Henry_Hub
TW,gas,2020,9.49,UK_NBP
TW,gas,2025,23.91,UK_NBP
TW,gas,2030,19.56,UK_NBP
TW,gas,2035,18.9,UK_NBP
TW,gas,2040,18.92,UK_NBP
TW,gas,2045,18.76,UK_NBP
TW,gas,2050,19.02,UK_NBP
TZ,gas,2020,5.96,Henry_Hub
TZ,gas,2025,6.55,Henry_Hub
TZ,gas,2030,9.66,Henry_Hub
TZ,gas,2035,10.92,Henry_Hub
TZ,gas,2040,11.44,Henry_Hub
TZ,gas,2045,11.44,Henry_Hub
TZ,gas,2050,11.65,Henry_Hub
UA,gas,2020,9.37,Netherlands_TTF
UA,gas,2025,24.37,Netherlands_TTF
UA,gas,2030,22.42,Netherlands_TTF
UA,gas,2035,22.28,Netherlands_TTF
UA,gas,2040,22.39,Netherlands_TTF
UA,gas,2045,22.53,Netherlands_TTF
UA,gas,2050,22.33,Netherlands_TTF
UG,gas,2020,5.96,Henry_Hub
UG,gas,2025,6.55,Henry_Hub
UG,gas,2030,9.66,Henry_Hub
UG,gas,2035,10.92,Henry_Hub
UG,gas,2040,11.44,Henry_Hub
UG,gas,2045,11.44,Henry_Hub
UG,gas,2050,11.65,Henry_Hub
US,gas,2020,5.96,Henry_Hub
US,gas,2025,6.55,Henry_Hub
US,gas,2030,9.66,Henry_Hub
US,gas,2035,10.92,Henry_Hub
US,gas,2040,11.44,Henry_Hub
US,gas,2045,11.44,Henry_Hub
US,gas,2050,11.65,Henry_Hub
UY,gas,2020,5.96,Henry_Hub
UY,gas,2025,6.55,Henry_Hub
UY,gas,2030,9.66,Henry_Hub
UY,gas,2035,10.92,Henry_Hub
UY,gas,2040,11.44,Henry_Hub
UY,gas,2045,11.44,Henry_Hub
UY,gas,2050,11.65,Henry_Hub
UZ,gas,2020,5.96,Henry_Hub
UZ,gas,2025,6.55,Henry_Hub
UZ,gas,2030,9.66,Henry_Hub
UZ,gas,2035,10.92,Henry_Hub
UZ,gas,2040,11.44,Henry_Hub
UZ,gas,2045,11.44,Henry_Hub
UZ,gas,2050,11.65,Henry_Hub
VE,gas,2020,5.96,Henry_Hub
VE,gas,2025,6.55,Henry_Hub
VE,gas,2030,9.66,Henry_Hub
VE,gas,2035,10.92,Henry_Hub
VE,gas,2040,11.44,Henry_Hub
VE,gas,2045,11.44,Henry_Hub
VE,gas,2050,11.65,Henry_Hub
VN,gas,2020,9.49,UK_NBP
VN,gas,2025,23.91,UK_NBP
VN,gas,2030,19.56,UK_NBP
VN,gas,2035,18.9,UK_NBP
VN,gas,2040,18.92,UK_NBP
VN,gas,2045,18.76,UK_NBP
VN,gas,2050,19.02,UK_NBP
XK,gas,2020,9.37,Netherlands_TTF
XK,gas,2025,24.37,Netherlands_TTF
XK,gas,2030,22.42,Netherlands_TTF
XK,gas,2035,22.28,Netherlands_TTF
XK,gas,2040,22.39,Netherlands_TTF
XK,gas,2045,22.53,Netherlands_TTF
XK,gas,2050,22.33,Netherlands_TTF
YE,gas,2020,5.96,Henry_Hub
YE,gas,2025,6.55,Henry_Hub
YE,gas,2030,9.66,Henry_Hub
YE,gas,2035,10.92,Henry_Hub
YE,gas,2040,11.44,Henry_Hub
YE,gas,2045,11.44,Henry_Hub
YE,gas,2050,11.65,Henry_Hub
ZA,gas,2020,5.96,Henry_Hub
ZA,gas,2025,6.55,Henry_Hub
ZA,gas,2030,9.66,Henry_Hub
ZA,gas,2035,10.92,Henry_Hub
ZA,gas,2040,11.44,Henry_Hub
ZA,gas,2045,11.44,Henry_Hub
ZA,gas,2050,11.65,Henry_Hub
ZM,gas,2020,5.96,Henry_Hub
ZM,gas,2025,6.55,Henry_Hub
ZM,gas,2030,9.66,Henry_Hub
ZM,gas,2035,10.92,Henry_Hub
ZM,gas,2040,11.44,Henry_Hub
ZM,gas,2045,11.44,Henry_Hub
ZM,gas,2050,11.65,Henry_Hub
ZW,gas,2020,5.96,Henry_Hub
ZW,gas,2025,6.55,Henry_Hub
ZW,gas,2030,9.66,Henry_Hub
ZW,gas,2035,10.92,Henry_Hub
ZW,gas,2040,11.44,Henry_Hub
ZW,gas,2045,11.44,Henry_Hub
ZW,gas,2050,11.65,Henry_Hub
,oil,2020,23.23,Brent
,oil,2025,36.77,Brent
,oil,2030,34.88,Brent
,oil,2035,33.54,Brent
,oil,2040,32.94,Brent
,oil,2045,32.45,Brent
,oil,2050,32.63,Brent
AD,oil,2020,23.23,Brent
AD,oil,2025,36.77,Brent
AD,oil,2030,34.88,Brent
AD,oil,2035,33.54,Brent
AD,oil,2040,32.94,Brent
AD,oil,2045,32.45,Brent
AD,oil,2050,32.63,Brent
AE,oil,2020,23.55,Dubai
AE,oil,2025,36.51,Dubai
AE,oil,2030,34.74,Dubai
AE,oil,2035,34.35,Dubai
AE,oil,2040,33.89,Dubai
AE,oil,2045,33.89,Dubai
AE,oil,2050,34.01,Dubai
AF,oil,2020,23.55,Dubai
AF,oil,2025,36.51,Dubai
AF,oil,2030,34.74,Dubai
AF,oil,2035,34.35,Dubai
AF,oil,2040,33.89,Dubai
AF,oil,2045,33.89,Dubai
AF,oil,2050,34.01,Dubai
AL,oil,2020,23.23,Brent
AL,oil,2025,36.77,Brent
AL,oil,2030,34.88,Brent
AL,oil,2035,33.54,Brent
AL,oil,2040,32.94,Brent
AL,oil,2045,32.45,Brent
AL,oil,2050,32.63,Brent
AM,oil,2020,23.23,Brent
AM,oil,2025,36.77,Brent
AM,oil,2030,34.88,Brent
AM,oil,2035,33.54,Brent
AM,oil,2040,32.94,Brent
AM,oil,2045,32.45,Brent
AM,oil,2050,32.63,Brent
AR,oil,2020,21.97,WTI
AR,oil,2025,34.67,WTI
AR,oil,2030,33.86,WTI
AR,oil,2035,32.85,WTI
AR,oil,2040,32.49,WTI
AR,oil,2045,32.14,WTI
AR,oil,2050,32.35,WTI
AT,oil,2020,23.23,Brent
AT,oil,2025,36.77,Brent
AT,oil,2030,34.88,Brent
AT,oil,2035,33.54,Brent
AT,oil,2040,32.94,Brent
AT,oil,2045,32.45,Brent
AT,oil,2050,32.63,Brent
AU,oil,2020,23.55,Dubai
AU,oil,2025,36.51,Dubai
AU,oil,2030,34.74,Dubai
AU,oil,2035,34.35,Dubai
AU,oil,2040,33.89,Dubai
AU,oil,2045,33.89,Dubai
AU,oil,2050,34.01,Dubai
AZ,oil,2020,23.23,Brent
AZ,oil,2025,36.77,Brent
AZ,oil,2030,34.88,Brent
AZ,oil,2035,33.54,Brent
AZ,oil,2040,32.94,Brent
AZ,oil,2045,32.45,Brent
AZ,oil,2050,32.63,Brent
BA,oil,2020,23.23,Brent
BA,oil,2025,36.77,Brent
BA,oil,2030,34.88,Brent
BA,oil,2035,33.54,Brent
BA,oil,2040,32.94,Brent
BA,oil,2045,32.45,Brent
BA,oil,2050,32.63,Brent
BD,oil,2020,23.55,Dubai
BD,oil,2025,36.51,Dubai
BD,oil,2030,34.74,Dubai
BD,oil,2035,34.35,Dubai
BD,oil,2040,33.89,Dubai
BD,oil,2045,33.89,Dubai
BD,oil,2050,34.01,Dubai
BE,oil,2020,23.23,Brent
BE,oil,2025,36.77,Brent
BE,oil,2030,34.88,Brent
BE,oil,2035,33.54,Brent
BE,oil,2040,32.94,Brent
BE,oil,2045,32.45,Brent
BE,oil,2050,32.63,Brent
BG,oil,2020,23.23,Brent
BG,oil,2025,36.77,Brent
BG,oil,2030,34.88,Brent
BG,oil,2035,33.54,Brent
BG,oil,2040,32.94,Brent
BG,oil,2045,32.45,Brent
BG,oil,2050,32.63,Brent
BH,oil,2020,23.55,Dubai
BH,oil,2025,36.51,Dubai
BH,oil,2030,34.74,Dubai
BH,oil,2035,34.35,Dubai
BH,oil,2040,33.89,Dubai
BH,oil,2045,33.89,Dubai
BH,oil,2050,34.01,Dubai
BI,oil,2020,23.55,Dubai
BI,oil,2025,36.51,Dubai
BI,oil,2030,34.74,Dubai
BI,oil,2035,34.35,Dubai
BI,oil,2040,33.89,Dubai
BI,oil,2045,33.89,Dubai
BI,oil,2050,34.01,Dubai
BN,oil,2020,23.55,Dubai
BN,oil,2025,36.51,Dubai
BN,oil,2030,34.74,Dubai
BN,oil,2035,34.35,Dubai
BN,oil,2040,33.89,Dubai
BN,oil,2045,33.89,Dubai
BN,oil,2050,34.01,Dubai
BO,oil,2020,21.97,WTI
BO,oil,2025,34.67,WTI
BO,oil,2030,33.86,WTI
BO,oil,2035,32.85,WTI
BO,oil,2040,32.49,WTI
BO,oil,2045,32.14,WTI
BO,oil,2050,32.35,WTI
BR,oil,2020,21.97,WTI
BR,oil,2025,34.67,WTI
BR,oil,2030,33.86,WTI
BR,oil,2035,32.85,WTI
BR,oil,2040,32.49,WTI
BR,oil,2045,32.14,WTI
BR,oil,2050,32.35,WTI
BS,oil,2020,21.97,WTI
BS,oil,2025,34.67,WTI
BS,oil,2030,33.86,WTI
BS,oil,2035,32.85,WTI
BS,oil,2040,32.49,WTI
BS,oil,2045,32.14,WTI
BS,oil,2050,32.35,WTI
BT,oil,2020,23.55,Dubai
BT,oil,2025,36.51,Dubai
BT,oil,2030,34.74,Dubai
BT,oil,2035,34.35,Dubai
BT,oil,2040,33.89,Dubai
BT,oil,2045,33.89,Dubai
BT,oil,2050,34.01,Dubai
BY,oil,2020,23.23,Brent
BY,oil,2025,36.77,Brent
BY,oil,2030,34.88,Brent
BY,oil,2035,33.54,Brent
BY,oil,2040,32.94,Brent
BY,oil,2045,32.45,Brent
BY,oil,2050,32.63,Brent
BZ,oil,2020,21.97,WTI
BZ,oil,2025,34.67,WTI
BZ,oil,2030,33.86,WTI
BZ,oil,2035,32.85,WTI
BZ,oil,2040,32.49,WTI
BZ,oil,2045,32.14,WTI
BZ,oil,2050,32.35,WTI
CA,oil,2020,21.97,WTI
CA,oil,2025,34.67,WTI
CA,oil,2030,33.86,WTI
CA,oil,2035,32.85,WTI
CA,oil,2040,32.49,WTI
CA,oil,2045,32.14,WTI
CA,oil,2050,32.35,WTI
CH,oil,2020,23.23,Brent
CH,oil,2025,36.77,Brent
CH,oil,2030,34.88,Brent
CH,oil,2035,33.54,Brent
CH,oil,2040,32.94,Brent
CH,oil,2045,32.45,Brent
CH,oil,2050,32.63,Brent
CL,oil,2020,21.97,WTI
CL,oil,2025,34.67,WTI
CL,oil,2030,33.86,WTI
CL,oil,2035,32.85,WTI
CL,oil,2040,32.49,WTI
CL,oil,2045,32.14,WTI
CL,oil,2050,32.35,WTI
CN,oil,2020,23.55,Dubai
CN,oil,2025,36.51,Dubai
CN,oil,2030,34.74,Dubai
CN,oil,2035,34.35,Dubai
CN,oil,2040,33.89,Dubai
CN,oil,2045,33.89,Dubai
CN,oil,2050,34.01,Dubai
CO,oil,2020,21.97,WTI
CO,oil,2025,34.67,WTI
CO,oil,2030,33.86,WTI
CO,oil,2035,32.85,WTI
CO,oil,2040,32.49,WTI
CO,oil,2045,32.14,WTI
CO,oil,2050,32.35,WTI
CR,oil,2020,21.97,WTI
CR,oil,2025,34.67,WTI
CR,oil,2030,33.86,WTI
CR,oil,2035,32.85,WTI
CR,oil,2040,32.49,WTI
CR,oil,2045,32.14,WTI
CR,oil,2050,32.35,WTI
CU,oil,2020,21.97,WTI
CU,oil,2025,34.67,WTI
CU,oil,2030,33.86,WTI
CU,oil,2035,32.85,WTI
CU,oil,2040,32.49,WTI
CU,oil,2045,32.14,WTI
CU,oil,2050,32.35,WTI
CY,oil,2020,23.23,Brent
CY,oil,2025,36.77,Brent
CY,oil,2030,34.88,Brent
CY,oil,2035,33.54,Brent
CY,oil,2040,32.94,Brent
CY,oil,2045,32.45,Brent
CY,oil,2050,32.63,Brent
CZ,oil,2020,23.23,Brent
CZ,oil,2025,36.77,Brent
CZ,oil,2030,34.88,Brent
CZ,oil,2035,33.54,Brent
CZ,oil,2040,32.94,Brent
CZ,oil,2045,32.45,Brent
CZ,oil,2050,32.63,Brent
DE,oil,2020,23.23,Brent
DE,oil,2025,36.77,Brent
DE,oil,2030,34.88,Brent
DE,oil,2035,33.54,Brent
DE,oil,2040,32.94,Brent
DE,oil,2045,32.45,Brent
DE,oil,2050,32.63,Brent
DJ,oil,2020,23.55,Dubai
DJ,oil,2025,36.51,Dubai
DJ,oil,2030,34.74,Dubai
DJ,oil,2035,34.35,Dubai
DJ,oil,2040,33.89,Dubai
DJ,oil,2045,33.89,Dubai
DJ,oil,2050,34.01,Dubai
DK,oil,2020,23.23,Brent
DK,oil,2025,36.77,Brent
DK,oil,2030,34.88,Brent
DK,oil,2035,33.54,Brent
DK,oil,2040,32.94,Brent
DK,oil,2045,32.45,Brent
DK,oil,2050,32.63,Brent
DO,oil,2020,21.97,WTI
DO,oil,2025,34.67,WTI
DO,oil,2030,33.86,WTI
DO,oil,2035,32.85,WTI
DO,oil,2040,32.49,WTI
DO,oil,2045,32.14,WTI
DO,oil,2050,32.35,WTI
DZ,oil,2020,23.23,Brent
DZ,oil,2025,36.77,Brent
DZ,oil,2030,34.88,Brent
DZ,oil,2035,33.54,Brent
DZ,oil,2040,32.94,Brent
DZ,oil,2045,32.45,Brent
DZ,oil,2050,32.63,Brent
EC,oil,2020,21.97,WTI
EC,oil,2025,34.67,WTI
EC,oil,2030,33.86,WTI
EC,oil,2035,32.85,WTI
EC,oil,2040,32.49,WTI
EC,oil,2045,32.14,WTI
EC,oil,2050,32.35,WTI
EE,oil,2020,23.23,Brent
EE,oil,2025,36.77,Brent
EE,oil,2030,34.88,Brent
EE,oil,2035,33.54,Brent
EE,oil,2040,32.94,Brent
EE,oil,2045,32.45,Brent
EE,oil,2050,32.63,Brent
EG,oil,2020,23.23,Brent
EG,oil,2025,36.77,Brent
EG,oil,2030,34.88,Brent
EG,oil,2035,33.54,Brent
EG,oil,2040,32.94,Brent
EG,oil,2045,32.45,Brent
EG,oil,2050,32.63,Brent
EH,oil,2020,23.23,Brent
EH,oil,2025,36.77,Brent
EH,oil,2030,34.88,Brent
EH,oil,2035,33.54,Brent
EH,oil,2040,32.94,Brent
EH,oil,2045,32.45,Brent
EH,oil,2050,32.63,Brent
ER,oil,2020,23.55,Dubai
ER,oil,2025,36.51,Dubai
ER,oil,2030,34.74,Dubai
ER,oil,2035,34.35,Dubai
ER,oil,2040,33.89,Dubai
ER,oil,2045,33.89,Dubai
ER,oil,2050,34.01,Dubai
ES,oil,2020,23.23,Brent
ES,oil,2025,36.77,Brent
ES,oil,2030,34.88,Brent
ES,oil,2035,33.54,Brent
ES,oil,2040,32.94,Brent
ES,oil,2045,32.45,Brent
ES,oil,2050,32.63,Brent
ET,oil,2020,23.55,Dubai
ET,oil,2025,36.51,Dubai
ET,oil,2030,34.74,Dubai
ET,oil,2035,34.35,Dubai
ET,oil,2040,33.89,Dubai
ET,oil,2045,33.89,Dubai
ET,oil,2050,34.01,Dubai
FI,oil,2020,23.23,Brent
FI,oil,2025,36.77,Brent
FI,oil,2030,34.88,Brent
FI,oil,2035,33.54,Brent
FI,oil,2040,32.94,Brent
FI,oil,2045,32.45,Brent
FI,oil,2050,32.63,Brent
FR,oil,2020,23.23,Brent
FR,oil,2025,36.77,Brent
FR,oil,2030,34.88,Brent
FR,oil,2035,33.54,Brent
FR,oil,2040,32.94,Brent
FR,oil,2045,32.45,Brent
FR,oil,2050,32.63,Brent
GB,oil,2020,23.23,Brent
GB,oil,2025,36.77,Brent
GB,oil,2030,34.88,Brent
GB,oil,2035,33.54,Brent
GB,oil,2040,32.94,Brent
GB,oil,2045,32.45,Brent
GB,oil,2050,32.63,Brent
GE,oil,2020,23.23,Brent
GE,oil,2025,36.77,Brent
GE,oil,2030,34.88,Brent
GE,oil,2035,33.54,Brent
GE,oil,2040,32.94,Brent
GE,oil,2045,32.45,Brent
GE,oil,2050,32.63,Brent
GF,oil,2020,21.97,WTI
GF,oil,2025,34.67,WTI
GF,oil,2030,33.86,WTI
GF,oil,2035,32.85,WTI
GF,oil,2040,32.49,WTI
GF,oil,2045,32.14,WTI
GF,oil,2050,32.35,WTI
GL,oil,2020,23.23,Brent
GL,oil,2025,36.77,Brent
GL,oil,2030,34.88,Brent
GL,oil,2035,33.54,Brent
GL,oil,2040,32.94,Brent
GL,oil,2045,32.45,Brent
GL,oil,2050,32.63,Brent
GR,oil,2020,23.23,Brent
GR,oil,2025,36.77,Brent
GR,oil,2030,34.88,Brent
GR,oil,2035,33.54,Brent
GR,oil,2040,32.94,Brent
GR,oil,2045,32.45,Brent
GR,oil,2050,32.63,Brent
GT,oil,2020,21.97,WTI
GT,oil,2025,34.67,WTI
GT,oil,2030,33.86,WTI
GT,oil,2035,32.85,WTI
GT,oil,2040,32.49,WTI
GT,oil,2045,32.14,WTI
GT,oil,2050,32.35,WTI
GY,oil,2020,21.97,WTI
GY,oil,2025,34.67,WTI
GY,oil,2030,33.86,WTI
GY,oil,2035,32.85,WTI
GY,oil,2040,32.49,WTI
GY,oil,2045,32.14,WTI
GY,oil,2050,32.35,WTI
HN,oil,2020,21.97,WTI
HN,oil,2025,34.67,WTI
HN,oil,2030,33.86,WTI
HN,oil,2035,32.85,WTI
HN,oil,2040,32.49,WTI
HN,oil,2045,32.14,WTI
HN,oil,2050,32.35,WTI
HR,oil,2020,23.23,Brent
HR,oil,2025,36.77,Brent
HR,oil,2030,34.88,Brent
HR,oil,2035,33.54,Brent
HR,oil,2040,32.94,Brent
HR,oil,2045,32.45,Brent
HR,oil,2050,32.63,Brent
HT,oil,2020,21.97,WTI
HT,oil,2025,34.67,WTI
HT,oil,2030,33.86,WTI
HT,oil,2035,32.85,WTI
HT,oil,2040,32.49,WTI
HT,oil,2045,32.14,WTI
HT,oil,2050,32.35,WTI
HU,oil,2020,23.23,Brent
HU,oil,2025,36.77,Brent
HU,oil,2030,34.88,Brent
HU,oil,2035,33.54,Brent
HU,oil,2040,32.94,Brent
HU,oil,2045,32.45,Brent
HU,oil,2050,32.63,Brent
ID,oil,2020,23.55,Dubai
ID,oil,2025,36.51,Dubai
ID,oil,2030,34.74,Dubai
ID,oil,2035,34.35,Dubai
ID,oil,2040,33.89,Dubai
ID,oil,2045,33.89,Dubai
ID,oil,2050,34.01,Dubai
IE,oil,2020,23.23,Brent
IE,oil,2025,36.77,Brent
IE,oil,2030,34.88,Brent
IE,oil,2035,33.54,Brent
IE,oil,2040,32.94,Brent
IE,oil,2045,32.45,Brent
IE,oil,2050,32.63,Brent
IL,oil,2020,23.55,Dubai
IL,oil,2025,36.51,Dubai
IL,oil,2030,34.74,Dubai
IL,oil,2035,34.35,Dubai
IL,oil,2040,33.89,Dubai
IL,oil,2045,33.89,Dubai
IL,oil,2050,34.01,Dubai
IN,oil,2020,23.55,Dubai
IN,oil,2025,36.51,Dubai
IN,oil,2030,34.74,Dubai
IN,oil,2035,34.35,Dubai
IN,oil,2040,33.89,Dubai
IN,oil,2045,33.89,Dubai
IN,oil,2050,34.01,Dubai
IQ,oil,2020,23.55,Dubai
IQ,oil,2025,36.51,Dubai
IQ,oil,2030,34.74,Dubai
IQ,oil,2035,34.35,Dubai
IQ,oil,2040,33.89,Dubai
IQ,oil,2045,33.89,Dubai
IQ,oil,2050,34.01,Dubai
IR,oil,2020,23.55,Dubai
IR,oil,2025,36.51,Dubai
IR,oil,2030,34.74,Dubai
IR,oil,2035,34.35,Dubai
IR,oil,2040,33.89,Dubai
IR,oil,2045,33.89,Dubai
IR,oil,2050,34.01,Dubai
IS,oil,2020,23.23,Brent
IS,oil,2025,36.77,Brent
IS,oil,2030,34.88,Brent
IS,oil,2035,33.54,Brent
IS,oil,2040,32.94,Brent
IS,oil,2045,32.45,Brent
IS,oil,2050,32.63,Brent
IT,oil,2020,23.23,Brent
IT,oil,2025,36.77,Brent
IT,oil,2030,34.88,Brent
IT,oil,2035,33.54,Brent
IT,oil,2040,32.94,Brent
IT,oil,2045,32.45,Brent
IT,oil,2050,32.63,Brent
JM,oil,2020,21.97,WTI
JM,oil,2025,34.67,WTI
JM,oil,2030,33.86,WTI
JM,oil,2035,32.85,WTI
JM,oil,2040,32.49,WTI
JM,oil,2045,32.14,WTI
JM,oil,2050,32.35,WTI
JO,oil,2020,23.55,Dubai
JO,oil,2025,36.51,Dubai
JO,oil,2030,34.74,Dubai
JO,oil,2035,34.35,Dubai
JO,oil,2040,33.89,Dubai
JO,oil,2045,33.89,Dubai
JO,oil,2050,34.01,Dubai
JP,oil,2020,23.55,Dubai
JP,oil,2025,36.51,Dubai
JP,oil,2030,34.74,Dubai
JP,oil,2035,34.35,Dubai
JP,oil,2040,33.89,Dubai
JP,oil,2045,33.89,Dubai
JP,oil,2050,34.01,Dubai
KE,oil,2020,23.55,Dubai
KE,oil,2025,36.51,Dubai
KE,oil,2030,34.74,Dubai
KE,oil,2035,34.35,Dubai
KE,oil,2040,33.89,Dubai
KE,oil,2045,33.89,Dubai
KE,oil,2050,34.01,Dubai
KG,oil,2020,23.55,Dubai
KG,oil,2025,36.51,Dubai
KG,oil,2030,34.74,Dubai
KG,oil,2035,34.35,Dubai
KG,oil,2040,33.89,Dubai
KG,oil,2045,33.89,Dubai
KG,oil,2050,34.01,Dubai
KH,oil,2020,23.55,Dubai
KH,oil,2025,36.51,Dubai
KH,oil,2030,34.74,Dubai
KH,oil,2035,34.35,Dubai
KH,oil,2040,33.89,Dubai
KH,oil,2045,33.89,Dubai
KH,oil,2050,34.01,Dubai
KP,oil,2020,23.55,Dubai
KP,oil,2025,36.51,Dubai
KP,oil,2030,34.74,Dubai
KP,oil,2035,34.35,Dubai
KP,oil,2040,33.89,Dubai
KP,oil,2045,33.89,Dubai
KP,oil,2050,34.01,Dubai
KR,oil,2020,23.55,Dubai
KR,oil,2025,36.51,Dubai
KR,oil,2030,34.74,Dubai
KR,oil,2035,34.35,Dubai
KR,oil,2040,33.89,Dubai
KR,oil,2045,33.89,Dubai
KR,oil,2050,34.01,Dubai
KW,oil,2020,23.55,Dubai
KW,oil,2025,36.51,Dubai
KW,oil,2030,34.74,Dubai
KW,oil,2035,34.35,Dubai
KW,oil,2040,33.89,Dubai
KW,oil,2045,33.89,Dubai
KW,oil,2050,34.01,Dubai
KZ,oil,2020,23.55,Dubai
KZ,oil,2025,36.51,Dubai
KZ,oil,2030,34.74,Dubai
KZ,oil,2035,34.35,Dubai
KZ,oil,2040,33.89,Dubai
KZ,oil,2045,33.89,Dubai
KZ,oil,2050,34.01,Dubai
LA,oil,2020,23.55,Dubai
LA,oil,2025,36.51,Dubai
LA,oil,2030,34.74,Dubai
LA,oil,2035,34.35,Dubai
LA,oil,2040,33.89,Dubai
LA,oil,2045,33.89,Dubai
LA,oil,2050,34.01,Dubai
LB,oil,2020,23.55,Dubai
LB,oil,2025,36.51,Dubai
LB,oil,2030,34.74,Dubai
LB,oil,2035,34.35,Dubai
LB,oil,2040,33.89,Dubai
LB,oil,2045,33.89,Dubai
LB,oil,2050,34.01,Dubai
LK,oil,2020,23.55,Dubai
LK,oil,2025,36.51,Dubai
LK,oil,2030,34.74,Dubai
LK,oil,2035,34.35,Dubai
LK,oil,2040,33.89,Dubai
LK,oil,2045,33.89,Dubai
LK,oil,2050,34.01,Dubai
LT,oil,2020,23.23,Brent
LT,oil,2025,36.77,Brent
LT,oil,2030,34.88,Brent
LT,oil,2035,33.54,Brent
LT,oil,2040,32.94,Brent
LT,oil,2045,32.45,Brent
LT,oil,2050,32.63,Brent
LU,oil,2020,23.23,Brent
LU,oil,2025,36.77,Brent
LU,oil,2030,34.88,Brent
LU,oil,2035,33.54,Brent
LU,oil,2040,32.94,Brent
LU,oil,2045,32.45,Brent
LU,oil,2050,32.63,Brent
LV,oil,2020,23.23,Brent
LV,oil,2025,36.77,Brent
LV,oil,2030,34.88,Brent
LV,oil,2035,33.54,Brent
LV,oil,2040,32.94,Brent
LV,oil,2045,32.45,Brent
LV,oil,2050,32.63,Brent
LY,oil,2020,23.23,Brent
LY,oil,2025,36.77,Brent
LY,oil,2030,34.88,Brent
LY,oil,2035,33.54,Brent
LY,oil,2040,32.94,Brent
LY,oil,2045,32.45,Brent
LY,oil,2050,32.63,Brent
MA,oil,2020,23.23,Brent
MA,oil,2025,36.77,Brent
MA,oil,2030,34.88,Brent
MA,oil,2035,33.54,Brent
MA,oil,2040,32.94,Brent
MA,oil,2045,32.45,Brent
MA,oil,2050,32.63,Brent
MD,oil,2020,23.23,Brent
MD,oil,2025,36.77,Brent
MD,oil,2030,34.88,Brent
MD,oil,2035,33.54,Brent
MD,oil,2040,32.94,Brent
MD,oil,2045,32.45,Brent
MD,oil,2050,32.63,Brent
ME,oil,2020,23.23,Brent
ME,oil,2025,36.77,Brent
ME,oil,2030,34.88,Brent
ME,oil,2035,33.54,Brent
ME,oil,2040,32.94,Brent
ME,oil,2045,32.45,Brent
ME,oil,2050,32.63,Brent
MG,oil,2020,23.55,Dubai
MG,oil,2025,36.51,Dubai
MG,oil,2030,34.74,Dubai
MG,oil,2035,34.35,Dubai
MG,oil,2040,33.89,Dubai
MG,oil,2045,33.89,Dubai
MG,oil,2050,34.01,Dubai
MK,oil,2020,23.23,Brent
MK,oil,2025,36.77,Brent
MK,oil,2030,34.88,Brent
MK,oil,2035,33.54,Brent
MK,oil,2040,32.94,Brent
MK,oil,2045,32.45,Brent
MK,oil,2050,32.63,Brent
MM,oil,2020,23.55,Dubai
MM,oil,2025,36.51,Dubai
MM,oil,2030,34.74,Dubai
MM,oil,2035,34.35,Dubai
MM,oil,2040,33.89,Dubai
MM,oil,2045,33.89,Dubai
MM,oil,2050,34.01,Dubai
MN,oil,2020,23.55,Dubai
MN,oil,2025,36.51,Dubai
MN,oil,2030,34.74,Dubai
MN,oil,2035,34.35,Dubai
MN,oil,2040,33.89,Dubai
MN,oil,2045,33.89,Dubai
MN,oil,2050,34.01,Dubai
MT,oil,2020,23.23,Brent
MT,oil,2025,36.77,Brent
MT,oil,2030,34.88,Brent
MT,oil,2035,33.54,Brent
MT,oil,2040,32.94,Brent
MT,oil,2045,32.45,Brent
MT,oil,2050,32.63,Brent
MX,oil,2020,21.97,WTI
MX,oil,2025,34.67,WTI
MX,oil,2030,33.86,WTI
MX,oil,2035,32.85,WTI
MX,oil,2040,32.49,WTI
MX,oil,2045,32.14,WTI
MX,oil,2050,32.35,WTI
MY,oil,2020,23.55,Dubai
MY,oil,2025,36.51,Dubai
MY,oil,2030,34.74,Dubai
MY,oil,2035,34.35,Dubai
MY,oil,2040,33.89,Dubai
MY,oil,2045,33.89,Dubai
MY,oil,2050,34.01,Dubai
MZ,oil,2020,23.55,Dubai
MZ,oil,2025,36.51,Dubai
MZ,oil,2030,34.74,Dubai
MZ,oil,2035,34.35,Dubai
MZ,oil,2040,33.89,Dubai
MZ,oil,2045,33.89,Dubai
MZ,oil,2050,34.01,Dubai
NI,oil,2020,21.97,WTI
NI,oil,2025,34.67,WTI
NI,oil,2030,33.86,WTI
NI,oil,2035,32.85,WTI
NI,oil,2040,32.49,WTI
NI,oil,2045,32.14,WTI
NI,oil,2050,32.35,WTI
NL,oil,2020,23.23,Brent
NL,oil,2025,36.77,Brent
NL,oil,2030,34.88,Brent
NL,oil,2035,33.54,Brent
NL,oil,2040,32.94,Brent
NL,oil,2045,32.45,Brent
NL,oil,2050,32.63,Brent
NO,oil,2020,23.23,Brent
NO,oil,2025,36.77,Brent
NO,oil,2030,34.88,Brent
NO,oil,2035,33.54,Brent
NO,oil,2040,32.94,Brent
NO,oil,2045,32.45,Brent
NO,oil,2050,32.63,Brent
NP,oil,2020,23.55,Dubai
NP,oil,2025,36.51,Dubai
NP,oil,2030,34.74,Dubai
NP,oil,2035,34.35,Dubai
NP,oil,2040,33.89,Dubai
NP,oil,2045,33.89,Dubai
NP,oil,2050,34.01,Dubai
NZ,oil,2020,23.55,Dubai
NZ,oil,2025,36.51,Dubai
NZ,oil,2030,34.74,Dubai
NZ,oil,2035,34.35,Dubai
NZ,oil,2040,33.89,Dubai
NZ,oil,2045,33.89,Dubai
NZ,oil,2050,34.01,Dubai
OM,oil,2020,23.55,Dubai
OM,oil,2025,36.51,Dubai
OM,oil,2030,34.74,Dubai
OM,oil,2035,34.35,Dubai
OM,oil,2040,33.89,Dubai
OM,oil,2045,33.89,Dubai
OM,oil,2050,34.01,Dubai
PA,oil,2020,21.97,WTI
PA,oil,2025,34.67,WTI
PA,oil,2030,33.86,WTI
PA,oil,2035,32.85,WTI
PA,oil,2040,32.49,WTI
PA,oil,2045,32.14,WTI
PA,oil,2050,32.35,WTI
PE,oil,2020,21.97,WTI
PE,oil,2025,34.67,WTI
PE,oil,2030,33.86,WTI
PE,oil,2035,32.85,WTI
PE,oil,2040,32.49,WTI
PE,oil,2045,32.14,WTI
PE,oil,2050,32.35,WTI
PG,oil,2020,23.55,Dubai
PG,oil,2025,36.51,Dubai
PG,oil,2030,34.74,Dubai
PG,oil,2035,34.35,Dubai
PG,oil,2040,33.89,Dubai
PG,oil,2045,33.89,Dubai
PG,oil,2050,34.01,Dubai
PH,oil,2020,23.55,Dubai
PH,oil,2025,36.51,Dubai
PH,oil,2030,34.74,Dubai
PH,oil,2035,34.35,Dubai
PH,oil,2040,33.89,Dubai
PH,oil,2045,33.89,Dubai
PH,oil,2050,34.01,Dubai
PK,oil,2020,23.55,Dubai
PK,oil,2025,36.51,Dubai
PK,oil,2030,34.74,Dubai
PK,oil,2035,34.35,Dubai
PK,oil,2040,33.89,Dubai
PK,oil,2045,33.89,Dubai
PK,oil,2050,34.01,Dubai
PL,oil,2020,23.23,Brent
PL,oil,2025,36.77,Brent
PL,oil,2030,34.88,Brent
PL,oil,2035,33.54,Brent
PL,oil,2040,32.94,Brent
PL,oil,2045,32.45,Brent
PL,oil,2050,32.63,Brent
PR,oil,2020,21.97,WTI
PR,oil,2025,34.67,WTI
PR,oil,2030,33.86,WTI
PR,oil,2035,32.85,WTI
PR,oil,2040,32.49,WTI
PR,oil,2045,32.14,WTI
PR,oil,2050,32.35,WTI
PS,oil,2020,23.55,Dubai
PS,oil,2025,36.51,Dubai
PS,oil,2030,34.74,Dubai
PS,oil,2035,34.35,Dubai
PS,oil,2040,33.89,Dubai
PS,oil,2045,33.89,Dubai
PS,oil,2050,34.01,Dubai
PT,oil,2020,23.23,Brent
PT,oil,2025,36.77,Brent
PT,oil,2030,34.88,Brent
PT,oil,2035,33.54,Brent
PT,oil,2040,32.94,Brent
PT,oil,2045,32.45,Brent
PT,oil,2050,32.63,Brent
PY,oil,2020,21.97,WTI
PY,oil,2025,34.67,WTI
PY,oil,2030,33.86,WTI
PY,oil,2035,32.85,WTI
PY,oil,2040,32.49,WTI
PY,oil,2045,32.14,WTI
PY,oil,2050,32.35,WTI
QA,oil,2020,23.55,Dubai
QA,oil,2025,36.51,Dubai
QA,oil,2030,34.74,Dubai
QA,oil,2035,34.35,Dubai
QA,oil,2040,33.89,Dubai
QA,oil,2045,33.89,Dubai
QA,oil,2050,34.01,Dubai
RO,oil,2020,23.23,Brent
RO,oil,2025,36.77,Brent
RO,oil,2030,34.88,Brent
RO,oil,2035,33.54,Brent
RO,oil,2040,32.94,Brent
RO,oil,2045,32.45,Brent
RO,oil,2050,32.63,Brent
RS,oil,2020,23.23,Brent
RS,oil,2025,36.77,Brent
RS,oil,2030,34.88,Brent
RS,oil,2035,33.54,Brent
RS,oil,2040,32.94,Brent
RS,oil,2045,32.45,Brent
RS,oil,2050,32.63,Brent
RU,oil,2020,23.23,Brent
RU,oil,2025,36.77,Brent
RU,oil,2030,34.88,Brent
RU,oil,2035,33.54,Brent
RU,oil,2040,32.94,Brent
RU,oil,2045,32.45,Brent
RU,oil,2050,32.63,Brent
RW,oil,2020,23.55,Dubai
RW,oil,2025,36.51,Dubai
RW,oil,2030,34.74,Dubai
RW,oil,2035,34.35,Dubai
RW,oil,2040,33.89,Dubai
RW,oil,2045,33.89,Dubai
RW,oil,2050,34.01,Dubai
SA,oil,2020,23.55,Dubai
SA,oil,2025,36.51,Dubai
SA,oil,2030,34.74,Dubai
SA,oil,2035,34.35,Dubai
SA,oil,2040,33.89,Dubai
SA,oil,2045,33.89,Dubai
SA,oil,2050,34.01,Dubai
SB,oil,2020,23.55,Dubai
SB,oil,2025,36.51,Dubai
SB,oil,2030,34.74,Dubai
SB,oil,2035,34.35,Dubai
SB,oil,2040,33.89,Dubai
SB,oil,2045,33.89,Dubai
SB,oil,2050,34.01,Dubai
SD,oil,2020,23.55,Dubai
SD,oil,2025,36.51,Dubai
SD,oil,2030,34.74,Dubai
SD,oil,2035,34.35,Dubai
SD,oil,2040,33.89,Dubai
SD,oil,2045,33.89,Dubai
SD,oil,2050,34.01,Dubai
SE,oil,2020,23.23,Brent
SE,oil,2025,36.77,Brent
SE,oil,2030,34.88,Brent
SE,oil,2035,33.54,Brent
SE,oil,2040,32.94,Brent
SE,oil,2045,32.45,Brent
SE,oil,2050,32.63,Brent
SG,oil,2020,23.55,Dubai
SG,oil,2025,36.51,Dubai
SG,oil,2030,34.74,Dubai
SG,oil,2035,34.35,Dubai
SG,oil,2040,33.89,Dubai
SG,oil,2045,33.89,Dubai
SG,oil,2050,34.01,Dubai
SI,oil,2020,23.23,Brent
SI,oil,2025,36.77,Brent
SI,oil,2030,34.88,Brent
SI,oil,2035,33.54,Brent
SI,oil,2040,32.94,Brent
SI,oil,2045,32.45,Brent
SI,oil,2050,32.63,Brent
SK,oil,2020,23.23,Brent
SK,oil,2025,36.77,Brent
SK,oil,2030,34.88,Brent
SK,oil,2035,33.54,Brent
SK,oil,2040,32.94,Brent
SK,oil,2045,32.45,Brent
SK,oil,2050,32.63,Brent
SO,oil,2020,23.55,Dubai
SO,oil,2025,36.51,Dubai
SO,oil,2030,34.74,Dubai
SO,oil,2035,34.35,Dubai
SO,oil,2040,33.89,Dubai
SO,oil,2045,33.89,Dubai
SO,oil,2050,34.01,Dubai
SR,oil,2020,21.97,WTI
SR,oil,2025,34.67,WTI
SR,oil,2030,33.86,WTI
SR,oil,2035,32.85,WTI
SR,oil,2040,32.49,WTI
SR,oil,2045,32.14,WTI
SR,oil,2050,32.35,WTI
SS,oil,2020,23.55,Dubai
SS,oil,2025,36.51,Dubai
SS,oil,2030,34.74,Dubai
SS,oil,2035,34.35,Dubai
SS,oil,2040,33.89,Dubai
SS,oil,2045,33.89,Dubai
SS,oil,2050,34.01,Dubai
SV,oil,2020,21.97,WTI
SV,oil,2025,34.67,WTI
SV,oil,2030,33.86,WTI
SV,oil,2035,32.85,WTI
SV,oil,2040,32.49,WTI
SV,oil,2045,32.14,WTI
SV,oil,2050,32.35,WTI
SY,oil,2020,23.55,Dubai
SY,oil,2025,36.51,Dubai
SY,oil,2030,34.74,Dubai
SY,oil,2035,34.35,Dubai
SY,oil,2040,33.89,Dubai
SY,oil,2045,33.89,Dubai
SY,oil,2050,34.01,Dubai
TH,oil,2020,23.55,Dubai
TH,oil,2025,36.51,Dubai
TH,oil,2030,34.74,Dubai
TH,oil,2035,34.35,Dubai
TH,oil,2040,33.89,Dubai
TH,oil,2045,33.89,Dubai
TH,oil,2050,34.01,Dubai
TJ,oil,2020,23.55,Dubai
TJ,oil,2025,36.51,Dubai
TJ,oil,2030,34.74,Dubai
TJ,oil,2035,34.35,Dubai
TJ,oil,2040,33.89,Dubai
TJ,oil,2045,33.89,Dubai
TJ,oil,2050,34.01,Dubai
TL,oil,2020,23.55,Dubai
TL,oil,2025,36.51,Dubai
TL,oil,2030,34.74,Dubai
TL,oil,2035,34.35,Dubai
TL,oil,2040,33.89,Dubai
TL,oil,2045,33.89,Dubai
TL,oil,2050,34.01,Dubai
TM,oil,2020,23.55,Dubai
TM,oil,2025,36.51,Dubai
TM,oil,2030,34.74,Dubai
TM,oil,2035,34.35,Dubai
TM,oil,2040,33.89,Dubai
TM,oil,2045,33.89,Dubai
TM,oil,2050,34.01,Dubai
TN,oil,2020,23.23,Brent
TN,oil,2025,36.77,Brent
TN,oil,2030,34.88,Brent
TN,oil,2035,33.54,Brent
TN,oil,2040,32.94,Brent
TN,oil,2045,32.45,Brent
TN,oil,2050,32.63,Brent
TR,oil,2020,23.23,Brent
TR,oil,2025,36.77,Brent
TR,oil,2030,34.88,Brent
TR,oil,2035,33.54,Brent
TR,oil,2040,32.94,Brent
TR,oil,2045,32.45,Brent
TR,oil,2050,32.63,Brent
TT,oil,2020,21.97,WTI
TT,oil,2025,34.67,WTI
TT,oil,2030,33.86,WTI
TT,oil,2035,32.85,WTI
TT,oil,2040,32.49,WTI
TT,oil,2045,32.14,WTI
TT,oil,2050,32.35,WTI
TW,oil,2020,23.55,Dubai
TW,oil,2025,36.51,Dubai
TW,oil,2030,34.74,Dubai
TW,oil,2035,34.35,Dubai
TW,oil,2040,33.89,Dubai
TW,oil,2045,33.89,Dubai
TW,oil,2050,34.01,Dubai
TZ,oil,2020,23.55,Dubai
TZ,oil,2025,36.51,Dubai
TZ,oil,2030,34.74,Dubai
TZ,oil,2035,34.35,Dubai
TZ,oil,2040,33.89,Dubai
TZ,oil,2045,33.89,Dubai
TZ,oil,2050,34.01,Dubai
UA,oil,2020,23.23,Brent
UA,oil,2025,36.77,Brent
UA,oil,2030,34.88,Brent
UA,oil,2035,33.54,Brent
UA,oil,2040,32.94,Brent
UA,oil,2045,32.45,Brent
UA,oil,2050,32.63,Brent
UG,oil,2020,23.55,Dubai
UG,oil,2025,36.51,Dubai
UG,oil,2030,34.74,Dubai
UG,oil,2035,34.35,Dubai
UG,oil,2040,33.89,Dubai
UG,oil,2045,33.89,Dubai
UG,oil,2050,34.01,Dubai
US,oil,2020,21.97,WTI
US,oil,2025,34.67,WTI
US,oil,2030,33.86,WTI
US,oil,2035,32.85,WTI
US,oil,2040,32.49,WTI
US,oil,2045,32.14,WTI
US,oil,2050,32.35,WTI
UY,oil,2020,21.97,WTI
UY,oil,2025,34.67,WTI
UY,oil,2030,33.86,WTI
UY,oil,2035,32.85,WTI
UY,oil,2040,32.49,WTI
UY,oil,2045,32.14,WTI
UY,oil,2050,32.35,WTI
UZ,oil,2020,23.55,Dubai
UZ,oil,2025,36.51,Dubai
UZ,oil,2030,34.74,Dubai
UZ,oil,2035,34.35,Dubai
UZ,oil,2040,33.89,Dubai
UZ,oil,2045,33.89,Dubai
UZ,oil,2050,34.01,Dubai
VE,oil,2020,21.97,WTI
VE,oil,2025,34.67,WTI
VE,oil,2030,33.86,WTI
VE,oil,2035,32.85,WTI
VE,oil,2040,32.49,WTI
VE,oil,2045,32.14,WTI
VE,oil,2050,32.35,WTI
VN,oil,2020,23.55,Dubai
VN,oil,2025,36.51,Dubai
VN,oil,2030,34.74,Dubai
VN,oil,2035,34.35,Dubai
VN,oil,2040,33.89,Dubai
VN,oil,2045,33.89,Dubai
VN,oil,2050,34.01,Dubai
XK,oil,2020,23.23,Brent
XK,oil,2025,36.77,Brent
XK,oil,2030,34.88,Brent
XK,oil,2035,33.54,Brent
XK,oil,2040,32.94,Brent
XK,oil,2045,32.45,Brent
XK,oil,2050,32.63,Brent
YE,oil,2020,23.55,Dubai
YE,oil,2025,36.51,Dubai
YE,oil,2030,34.74,Dubai
YE,oil,2035,34.35,Dubai
YE,oil,2040,33.89,Dubai
YE,oil,2045,33.89,Dubai
YE,oil,2050,34.01,Dubai